species,phase,n_bins,bin_index,energy_mev,seed1,seed2,exit_code,duration_s,out_path
SEP_p,max,8,0,0.019046714781460566,2036291900,2036291901,0,21.88,/home/bryam/Documents/iac-project/geant4/ActiveShield_Sim/scripts/pilots/results/fase8_binning_prod/outs/SEP_p_max_bins8_bin0.out
SEP_p,max,8,1,0.0690971659970209,2036291902,2036291903,0,21.47,/home/bryam/Documents/iac-project/geant4/ActiveShield_Sim/scripts/pilots/results/fase8_binning_prod/outs/SEP_p_max_bins8_bin1.out
SEP_p,max,8,2,0.25066886355998363,2036291904,2036291905,0,22.24,/home/bryam/Documents/iac-project/geant4/ActiveShield_Sim/scripts/pilots/results/fase8_binning_prod/outs/SEP_p_max_bins8_bin2.out
SEP_p,max,8,3,0.9093698453734381,2036291906,2036291907,0,25.93,/home/bryam/Documents/iac-project/geant4/ActiveShield_Sim/scripts/pilots/results/fase8_binning_prod/outs/SEP_p_max_bins8_bin3.out
SEP_p,max,8,4,3.2989877718762846,2036291908,2036291909,0,34.46,/home/bryam/Documents/iac-project/geant4/ActiveShield_Sim/scripts/pilots/results/fase8_binning_prod/outs/SEP_p_max_bins8_bin4.out
SEP_p,max,8,5,11.967980216586083,2036291910,2036291911,0,20.04,/home/bryam/Documents/iac-project/geant4/ActiveShield_Sim/scripts/pilots/results/fase8_binning_prod/outs/SEP_p_max_bins8_bin5.out
SEP_p,max,8,6,43.41712075614423,2036291912,2036291913,0,23.28,/home/bryam/Documents/iac-project/geant4/ActiveShield_Sim/scripts/pilots/results/fase8_binning_prod/outs/SEP_p_max_bins8_bin6.out
SEP_p,max,8,7,157.50747750578486,2036291914,2036291915,0,31.59,/home/bryam/Documents/iac-project/geant4/ActiveShield_Sim/scripts/pilots/results/fase8_binning_prod/outs/SEP_p_max_bins8_bin7.out
SEP_p,max,16,0,0.01380098358141932,2036301900,2036301901,0,24.97,/home/bryam/Documents/iac-project/geant4/ActiveShield_Sim/scripts/pilots/results/fase8_binning_prod/outs/SEP_p_max_bins16_bin0.out
SEP_p,max,16,1,0.026286339797891394,2036301902,2036301903,0,20.29,/home/bryam/Documents/iac-project/geant4/ActiveShield_Sim/scripts/pilots/results/fase8_binning_prod/outs/SEP_p_max_bins16_bin1.out
SEP_p,max,16,2,0.050066841677899314,2036301904,2036301905,0,56.3,/home/bryam/Documents/iac-project/geant4/ActiveShield_Sim/scripts/pilots/results/fase8_binning_prod/outs/SEP_p_max_bins16_bin2.out
SEP_p,max,16,3,0.09536088534474908,2036301906,2036301907,0,20.32,/home/bryam/Documents/iac-project/geant4/ActiveShield_Sim/scripts/pilots/results/fase8_binning_prod/outs/SEP_p_max_bins16_bin3.out
SEP_p,max,16,4,0.18163115844689987,2036301908,2036301909,0,22.18,/home/bryam/Documents/iac-project/geant4/ActiveShield_Sim/scripts/pilots/results/fase8_binning_prod/outs/SEP_p_max_bins16_bin4.out
SEP_p,max,16,5,0.3459476870364374,2036301910,2036301911,0,36.07,/home/bryam/Documents/iac-project/geant4/ActiveShield_Sim/scripts/pilots/results/fase8_binning_prod/outs/SEP_p_max_bins16_bin5.out
SEP_p,max,16,6,0.6589166924289006,2036301912,2036301913,0,32.54,/home/bryam/Documents/iac-project/geant4/ActiveShield_Sim/scripts/pilots/results/fase8_binning_prod/outs/SEP_p_max_bins16_bin6.out
SEP_p,max,16,7,1.2550198305436646,2036301914,2036301915,0,20.07,/home/bryam/Documents/iac-project/geant4/ActiveShield_Sim/scripts/pilots/results/fase8_binning_prod/outs/SEP_p_max_bins16_bin7.out
SEP_p,max,16,8,2.390400475744215,2036301916,2036301917,0,36.59,/home/bryam/Documents/iac-project/geant4/ActiveShield_Sim/scripts/pilots/results/fase8_binning_prod/outs/SEP_p_max_bins16_bin8.out
SEP_p,max,16,9,4.5529276074967715,2036301918,2036301919,0,19.81,/home/bryam/Documents/iac-project/geant4/ActiveShield_Sim/scripts/pilots/results/fase8_binning_prod/outs/SEP_p_max_bins16_bin9.out
SEP_p,max,16,10,8.671831356062864,2036301920,2036301921,0,20.05,/home/bryam/Documents/iac-project/geant4/ActiveShield_Sim/scripts/pilots/results/fase8_binning_prod/outs/SEP_p_max_bins16_bin10.out
SEP_p,max,16,11,16.516989847185574,2036301922,2036301923,0,19.62,/home/bryam/Documents/iac-project/geant4/ActiveShield_Sim/scripts/pilots/results/fase8_binning_prod/outs/SEP_p_max_bins16_bin11.out
SEP_p,max,16,12,31.459439466762362,2036301924,2036301925,0,40.81,/home/bryam/Documents/iac-project/geant4/ActiveShield_Sim/scripts/pilots/results/fase8_binning_prod/outs/SEP_p_max_bins16_bin12.out
SEP_p,max,16,13,59.91989707080466,2036301926,2036301927,0,39.45,/home/bryam/Documents/iac-project/geant4/ActiveShield_Sim/scripts/pilots/results/fase8_binning_prod/outs/SEP_p_max_bins16_bin13.out
SEP_p,max,16,14,114.12771892420908,2036301928,2036301929,0,29.28,/home/bryam/Documents/iac-project/geant4/ActiveShield_Sim/scripts/pilots/results/fase8_binning_prod/outs/SEP_p_max_bins16_bin14.out
SEP_p,max,16,15,217.37581110081098,2036301930,2036301931,0,45.57,/home/bryam/Documents/iac-project/geant4/ActiveShield_Sim/scripts/pilots/results/fase8_binning_prod/outs/SEP_p_max_bins16_bin15.out
SEP_p,max,32,0,0.011747758757064823,2036311900,2036311901,0,20.55,/home/bryam/Documents/iac-project/geant4/ActiveShield_Sim/scripts/pilots/results/fase8_binning_prod/outs/SEP_p_max_bins32_bin0.out
SEP_p,max,32,1,0.016213062572472667,2036311902,2036311903,0,20.43,/home/bryam/Documents/iac-project/geant4/ActiveShield_Sim/scripts/pilots/results/fase8_binning_prod/outs/SEP_p_max_bins32_bin1.out
SEP_p,max,32,2,0.022375621036721933,2036311904,2036311905,0,27.46,/home/bryam/Documents/iac-project/geant4/ActiveShield_Sim/scripts/pilots/results/fase8_binning_prod/outs/SEP_p_max_bins32_bin2.out
SEP_p,max,32,3,0.030880557855186015,2036311906,2036311907,0,23.41,/home/bryam/Documents/iac-project/geant4/ActiveShield_Sim/scripts/pilots/results/fase8_binning_prod/outs/SEP_p_max_bins32_bin3.out
SEP_p,max,32,4,0.04261820719444917,2036311908,2036311909,0,21.08,/home/bryam/Documents/iac-project/geant4/ActiveShield_Sim/scripts/pilots/results/fase8_binning_prod/outs/SEP_p_max_bins32_bin4.out
SEP_p,max,32,5,0.05881731777601197,2036311910,2036311911,0,48.17,/home/bryam/Documents/iac-project/geant4/ActiveShield_Sim/scripts/pilots/results/fase8_binning_prod/outs/SEP_p_max_bins32_bin5.out
SEP_p,max,32,6,0.08117368369298639,2036311912,2036311913,0,48.14,/home/bryam/Documents/iac-project/geant4/ActiveShield_Sim/scripts/pilots/results/fase8_binning_prod/outs/SEP_p_max_bins32_bin6.out
SEP_p,max,32,7,0.11202766758902305,2036311914,2036311915,0,20.65,/home/bryam/Documents/iac-project/geant4/ActiveShield_Sim/scripts/pilots/results/fase8_binning_prod/outs/SEP_p_max_bins32_bin7.out
SEP_p,max,32,8,0.15460920010608084,2036311916,2036311917,0,26.16,/home/bryam/Documents/iac-project/geant4/ActiveShield_Sim/scripts/pilots/results/fase8_binning_prod/outs/SEP_p_max_bins32_bin8.out
SEP_p,max,32,9,0.2133759032200396,2036311918,2036311919,0,23.68,/home/bryam/Documents/iac-project/geant4/ActiveShield_Sim/scripts/pilots/results/fase8_binning_prod/outs/SEP_p_max_bins32_bin9.out
SEP_p,max,32,10,0.2944797337010285,2036311920,2036311921,0,20.89,/home/bryam/Documents/iac-project/geant4/ActiveShield_Sim/scripts/pilots/results/fase8_binning_prod/outs/SEP_p_max_bins32_bin10.out
SEP_p,max,32,11,0.4064109969868627,2036311922,2036311923,0,26.05,/home/bryam/Documents/iac-project/geant4/ActiveShield_Sim/scripts/pilots/results/fase8_binning_prod/outs/SEP_p_max_bins32_bin11.out
SEP_p,max,32,12,0.5608871496723951,2036311924,2036311925,0,20.57,/home/bryam/Documents/iac-project/geant4/ActiveShield_Sim/scripts/pilots/results/fase8_binning_prod/outs/SEP_p_max_bins32_bin12.out
SEP_p,max,32,13,0.7740794343657805,2036311926,2036311927,0,21.45,/home/bryam/Documents/iac-project/geant4/ActiveShield_Sim/scripts/pilots/results/fase8_binning_prod/outs/SEP_p_max_bins32_bin13.out
SEP_p,max,32,14,1.0683057564396492,2036311928,2036311929,0,21.97,/home/bryam/Documents/iac-project/geant4/ActiveShield_Sim/scripts/pilots/results/fase8_binning_prod/outs/SEP_p_max_bins32_bin14.out
SEP_p,max,32,15,1.4743670204559345,2036311930,2036311931,0,21.92,/home/bryam/Documents/iac-project/geant4/ActiveShield_Sim/scripts/pilots/results/fase8_binning_prod/outs/SEP_p_max_bins32_bin15.out
SEP_p,max,32,16,2.0347715042298473,2036311932,2036311933,0,25.47,/home/bryam/Documents/iac-project/geant4/ActiveShield_Sim/scripts/pilots/results/fase8_binning_prod/outs/SEP_p_max_bins32_bin16.out
SEP_p,max,32,17,2.8081848121816018,2036311934,2036311935,0,20.58,/home/bryam/Documents/iac-project/geant4/ActiveShield_Sim/scripts/pilots/results/fase8_binning_prod/outs/SEP_p_max_bins32_bin17.out
SEP_p,max,32,18,3.8755712486509384,2036311936,2036311937,0,23.48,/home/bryam/Documents/iac-project/geant4/ActiveShield_Sim/scripts/pilots/results/fase8_binning_prod/outs/SEP_p_max_bins32_bin18.out
SEP_p,max,32,19,5.348669517125238,2036311938,2036311939,0,36.91,/home/bryam/Documents/iac-project/geant4/ActiveShield_Sim/scripts/pilots/results/fase8_binning_prod/outs/SEP_p_max_bins32_bin19.out
SEP_p,max,32,20,7.381690018828341,2036311940,2036311941,0,20.04,/home/bryam/Documents/iac-project/geant4/ActiveShield_Sim/scripts/pilots/results/fase8_binning_prod/outs/SEP_p_max_bins32_bin20.out
SEP_p,max,32,21,10.187458275297681,2036311942,2036311943,0,25.42,/home/bryam/Documents/iac-project/geant4/ActiveShield_Sim/scripts/pilots/results/fase8_binning_prod/outs/SEP_p_max_bins32_bin21.out
SEP_p,max,32,22,14.059694439377768,2036311944,2036311945,0,31.54,/home/bryam/Documents/iac-project/geant4/ActiveShield_Sim/scripts/pilots/results/fase8_binning_prod/outs/SEP_p_max_bins32_bin22.out
SEP_p,max,32,23,19.40376121176251,2036311946,2036311947,0,20.3,/home/bryam/Documents/iac-project/geant4/ActiveShield_Sim/scripts/pilots/results/fase8_binning_prod/outs/SEP_p_max_bins32_bin23.out
SEP_p,max,32,24,26.779098990131548,2036311948,2036311949,0,21.6,/home/bryam/Documents/iac-project/geant4/ActiveShield_Sim/scripts/pilots/results/fase8_binning_prod/outs/SEP_p_max_bins32_bin24.out
SEP_p,max,32,25,36.95779054880082,2036311950,2036311951,0,20.07,/home/bryam/Documents/iac-project/geant4/ActiveShield_Sim/scripts/pilots/results/fase8_binning_prod/outs/SEP_p_max_bins32_bin25.out
SEP_p,max,32,26,51.005386056953434,2036311952,2036311953,0,33.03,/home/bryam/Documents/iac-project/geant4/ActiveShield_Sim/scripts/pilots/results/fase8_binning_prod/outs/SEP_p_max_bins32_bin26.out
SEP_p,max,32,27,70.39244955359682,2036311954,2036311955,0,30.03,/home/bryam/Documents/iac-project/geant4/ActiveShield_Sim/scripts/pilots/results/fase8_binning_prod/outs/SEP_p_max_bins32_bin27.out
SEP_p,max,32,28,97.14850405450774,2036311956,2036311957,0,29.85,/home/bryam/Documents/iac-project/geant4/ActiveShield_Sim/scripts/pilots/results/fase8_binning_prod/outs/SEP_p_max_bins32_bin28.out
SEP_p,max,32,29,134.07449094157099,2036311958,2036311959,0,32.95,/home/bryam/Documents/iac-project/geant4/ActiveShield_Sim/scripts/pilots/results/fase8_binning_prod/outs/SEP_p_max_bins32_bin29.out
SEP_p,max,32,30,185.03598481717745,2036311960,2036311961,0,32.03,/home/bryam/Documents/iac-project/geant4/ActiveShield_Sim/scripts/pilots/results/fase8_binning_prod/outs/SEP_p_max_bins32_bin30.out
SEP_p,max,32,31,255.36785884336206,2036311962,2036311963,0,37.22,/home/bryam/Documents/iac-project/geant4/ActiveShield_Sim/scripts/pilots/results/fase8_binning_prod/outs/SEP_p_max_bins32_bin31.out
GCR_H,min,8,0,17.78279410038923,2036091900,2036091901,0,25.78,/home/bryam/Documents/iac-project/geant4/ActiveShield_Sim/scripts/pilots/results/fase8_binning_prod/outs/GCR_H_min_bins8_bin0.out
GCR_H,min,8,1,56.23413251903491,2036091902,2036091903,0,23.23,/home/bryam/Documents/iac-project/geant4/ActiveShield_Sim/scripts/pilots/results/fase8_binning_prod/outs/GCR_H_min_bins8_bin1.out
GCR_H,min,8,2,177.82794100389228,2036091904,2036091905,0,36.31,/home/bryam/Documents/iac-project/geant4/ActiveShield_Sim/scripts/pilots/results/fase8_binning_prod/outs/GCR_H_min_bins8_bin2.out
GCR_H,min,8,3,562.341325190349,2036091906,2036091907,0,84.13,/home/bryam/Documents/iac-project/geant4/ActiveShield_Sim/scripts/pilots/results/fase8_binning_prod/outs/GCR_H_min_bins8_bin3.out
GCR_H,min,8,4,1778.2794100389228,2036091908,2036091909,0,312.62,/home/bryam/Documents/iac-project/geant4/ActiveShield_Sim/scripts/pilots/results/fase8_binning_prod/outs/GCR_H_min_bins8_bin4.out
GCR_H,min,8,5,5623.413251903491,2036091910,2036091911,0,830.23,/home/bryam/Documents/iac-project/geant4/ActiveShield_Sim/scripts/pilots/results/fase8_binning_prod/outs/GCR_H_min_bins8_bin5.out
GCR_H,min,8,6,17782.79410038923,2036091912,2036091913,0,1987.55,/home/bryam/Documents/iac-project/geant4/ActiveShield_Sim/scripts/pilots/results/fase8_binning_prod/outs/GCR_H_min_bins8_bin6.out
GCR_H,min,8,7,56234.13251903491,2036091914,2036091915,0,5407.33,/home/bryam/Documents/iac-project/geant4/ActiveShield_Sim/scripts/pilots/results/fase8_binning_prod/outs/GCR_H_min_bins8_bin7.out
