combo_label,organo_id,SE_sqrtM_M2500,SE_sqrtM_M5000,SE_sqrtM_M10000,SE_sqrtM_M20000
GCR_He_min_6,0,5.2824971548966665e-11,9.29921080865992e-11,2.002042727646333e-10,
GCR_He_min_6,1,1.2967075666666668e-10,3.843170341882305e-10,5.591035460000001e-10,
GCR_He_min_6,2,1.0118687e-10,3.7551068296611733e-10,6.102934583333333e-10,
GCR_He_min_6,3,4.34929045e-11,2.008937963065446e-10,4.1991383333333335e-10,
GCR_He_min_6,4,7.459787449999999e-11,4.853654871721413e-10,7.251665026666666e-10,
GCR_He_min_6,5,8.813852333333333e-11,2.9500102490409433e-10,5.895478983333333e-10,
GCR_He_min_6,6,2.1767894333333335e-11,2.81676359873744e-10,2.6692200666666666e-10,
GCR_He_min_6,7,8.360086833333332e-11,1.6901075506511297e-10,3.84847702e-10,
GCR_He_min_6,8,4.218139016666667e-10,6.144637923062241e-10,1.8281674986666667e-09,
GCR_He_min_6,9,4.811815e-12,3.76452949421096e-11,9.098032999999999e-11,
GCR_He_min_6,10,1.5059003783333332e-09,3.5123953179071146e-09,7.843591027666666e-09,
GCR_He_min_6,11,1.6396398283333334e-10,3.627738419312261e-10,9.38120281e-10,
GCR_He_min_6,12,8.048555033333333e-10,1.6648972349803432e-09,2.9289112800000003e-09,
GCR_He_min_6,13,7.39276605e-10,1.169936723152074e-09,3.063250317666666e-09,
GCR_He_min_6,14,4.810267055e-10,1.1174018472487982e-09,2.144458757e-09,
GCR_He_min_6,15,2.1619692466666668e-10,6.280028761542607e-10,1.0858033153333334e-09,
GCR_He_min_6,16,7.270406513333334e-10,1.2970234643500662e-09,4.2177337829999996e-09,
GCR_He_min_6,17,4.720748316666667e-10,9.615741845369473e-10,1.8596148796666665e-09,
GCR_He_min_6,18,2.327773075e-10,7.508112154467818e-10,1.2970204803333335e-09,
GCR_He_min_6,19,1.6578027585e-09,3.687228078374427e-09,7.149019332000001e-09,
GCR_He_min_6,20,1.3546660001666666e-09,2.198709255375066e-09,4.761279242666667e-09,
GCR_He_min_6,21,2.644125968333334e-10,9.626403830047397e-10,9.416424466666667e-10,
GCR_He_min_6,22,1.9075818550000002e-09,3.3369686839101277e-09,5.396792315666668e-09,
GCR_He_min_6,23,7.945373553333333e-10,1.857136269380823e-09,3.7160316080000005e-09,
GCR_He_min_6,24,3.621622783333333e-10,4.0791585798303587e-10,1.2149060049999998e-09,
GCR_He_min_6,25,2.9128090400000006e-10,4.746811600412528e-10,9.813051140000001e-10,
GCR_He_min_6,26,5.182463003333333e-10,1.3769491735974932e-09,3.966868433333333e-09,
GCR_He_min_6,27,4.798662548333333e-10,1.1304193217588775e-09,2.245292226666667e-09,
GCR_He_min_6,28,2.952488806666667e-09,6.7262284123278765e-09,1.3317726446666666e-08,
GCR_He_min_6,29,2.837258364e-09,6.478524049054643e-09,1.3471156669000001e-08,
GCR_He_min_6,30,1.1321846183333332e-09,8.999410328552883e-10,2.6987124413333335e-09,
GCR_He_min_6,31,2.4565450216666667e-09,3.521140757065478e-09,8.922431877333333e-09,
GCR_He_min_6,32,1.5339568846666665e-09,2.549880136643265e-09,6.2137075263333325e-09,
GCR_He_min_6,33,5.760427998333333e-10,2.0289340026210847e-09,4.171486444666667e-09,
GCR_He_min_6,34,1.2748124599999999e-09,2.311294244353787e-09,6.4175080453333335e-09,
GCR_He_min_6,35,1.180061339e-09,2.6617259303350705e-09,5.178059087666667e-09,
GCR_He_min_6,36,2.819381433333333e-10,7.940712017466397e-10,1.4393271856666666e-09,
GCR_He_min_6,37,3.9717462333333334e-10,7.562055607821016e-10,2.1913870533333333e-09,
GCR_He_min_6,38,6.76180597e-10,1.5862649348157683e-09,2.6051073133333333e-09,
GCR_He_min_6,39,5.871717513333335e-10,7.562404499020898e-10,1.7997397566666666e-09,
GCR_He_min_6,40,2.1811761366666668e-10,4.625221937737072e-10,1.6043473110000001e-09,
GCR_He_min_6,41,5.3981196635e-09,8.575885813631012e-09,1.7910777149333337e-08,
GCR_He_min_6,42,4.837846035333333e-09,9.144992413284973e-09,1.9144084289533338e-08,
GCR_He_min_6,43,9.806242426666667e-10,3.5233598005090065e-09,6.003492849000001e-09,
GCR_He_min_6,44,1.6712092311666669e-09,3.3999557659440405e-09,6.243615513e-09,
GCR_He_min_6,45,7.263659383333334e-10,2.171683348291274e-09,3.0307316506666663e-09,
GCR_He_min_6,46,3.766057343333333e-10,1.6540615806343195e-09,1.9383621526666667e-09,
GCR_He_min_6,47,3.8522267833333336e-10,6.065916373293959e-10,1.5061415106666669e-09,
GCR_He_min_6,48,2.2882981116666663e-10,8.259586576914087e-10,1.5340787546666666e-09,
GCR_He_min_6,49,1.1132129773333332e-09,2.689411077549305e-09,5.774182389333334e-09,
GCR_He_min_6,50,8.449170268333333e-10,2.6337160907649204e-09,4.397648218e-09,
GCR_He_min_6,51,1.8470870616666666e-09,4.396077956972559e-09,8.537054566333334e-09,
GCR_He_min_6,52,2.3955986493333332e-09,4.949605576252182e-09,9.222260255666666e-09,
GCR_He_min_6,53,2.3124018488333335e-09,5.332037704178074e-09,1.1028866569999998e-08,
GCR_He_min_6,54,2.4525202283333333e-09,5.461657839031729e-09,9.643143513666667e-09,
GCR_He_min_6,55,2.2353373500000002e-10,2.0664469245810314e-10,6.226704466666668e-10,
GCR_He_min_6,56,7.123704976666666e-10,9.722783997531633e-10,2.3852825066666665e-09,
GCR_He_min_6,57,4.969139e-11,3.065188829089822e-10,4.883175626666666e-10,
GCR_He_min_6,58,1.3510751765e-09,2.520005034472862e-09,5.879920462000001e-09,
GCR_He_min_6,59,1.5820019166666667e-10,2.167326655287288e-10,8.382830269999999e-10,
GCR_He_min_6,60,4.2091781000000005e-10,5.197947558216108e-10,1.7059510386666667e-09,
GCR_He_min_6,61,1.4162278066666668e-09,2.139086510095697e-09,4.465236088666667e-09,
GCR_He_min_6,62,2.101211706666667e-10,2.9283753035508207e-10,6.564194743333333e-10,
GCR_He_min_6,63,4.9383498000000005e-11,1.3259402091435782e-10,5.016262613333333e-10,
GCR_He_min_6,64,1.300461e-10,1.5766082384275063e-10,3.487244963333333e-10,
GCR_He_min_6,65,1.8917000833333335e-10,1.4480478133941182e-10,1.8163283633333335e-10,
GCR_He_min_6,66,1.07937e-12,5.8713374138957906e-12,1.3126070000000002e-11,
GCR_He_min_6,67,1.9919825e-11,5.026821619551488e-10,1.1015803533333333e-10,
GCR_He_min_6,68,4.89163e-12,4.5282246168823044e-12,8.03775e-12,
GCR_He_min_6,69,2.370453553333333e-10,1.4944133070823347e-10,2.353274533333333e-10,
GCR_He_min_6,70,4.246572633333333e-10,5.392581872290129e-10,9.73021418e-10,
GCR_He_min_6,71,7.462041883333333e-10,8.849478713572802e-10,1.8473608356666664e-09,
GCR_He_min_6,72,9.20969143e-10,2.0831962227753714e-09,4.449445934e-09,
GCR_He_min_6,73,1.1590122536666667e-09,2.461773184495543e-09,4.1000358293333334e-09,
GCR_He_min_6,74,3.6771906410000003e-09,7.209470145766321e-09,1.4507783102866667e-08,
GCR_He_min_6,75,2.0060258681666666e-09,4.439559688894867e-09,8.003878532333333e-09,
GCR_He_min_6,76,9.431837543333333e-10,2.384168709292257e-09,5.008500843000001e-09,
GCR_He_min_6,77,7.76078949e-10,1.7549928297264395e-09,3.892531415666667e-09,
GCR_He_min_6,78,1.04582343e-09,1.2051803688027563e-09,2.0424555319999996e-09,
GCR_He_min_6,79,8.627690643333332e-10,2.2851161731498808e-09,3.3068011686666666e-09,
GCR_He_min_6,80,5.574253488333334e-10,1.5987564960646151e-09,2.952393284666667e-09,
GCR_He_min_6,81,6.235409725e-10,1.4104281110034422e-09,2.2084665043333333e-09,
GCR_He_min_6,82,9.88844207333333e-10,1.5352774781931148e-09,3.549497789666667e-09,
GCR_He_min_6,83,2.6624141350000003e-10,9.841725479314915e-10,2.262941271666667e-09,
GCR_He_min_6,84,1.6546207206666663e-09,3.127920494490578e-09,6.5241787190000005e-09,
GCR_He_min_6,85,2.055777422e-09,3.5939376641751652e-09,7.605331642999999e-09,
GCR_He_min_6,86,2.2989228285e-09,3.6982745438793388e-09,8.133968417e-09,
GCR_He_min_6,87,1.3308724963333333e-09,2.24065918918406e-09,4.556273036e-09,
GCR_He_min_6,88,1.589562407e-09,3.4941449406750577e-09,5.9043834086666675e-09,
GCR_He_min_6,89,7.899625804999998e-10,1.640390133939317e-09,4.850576922666667e-09,
GCR_He_min_6,90,4.3277105633333335e-10,1.2675128281135076e-09,2.3664378616666667e-09,
GCR_He_min_6,91,1.2377576400000002e-10,3.657709189730327e-10,9.192121000000001e-10,
GCR_He_min_6,92,7.993791538333332e-10,1.435031770775271e-09,3.709132766666667e-09,
GCR_He_min_6,93,3.710427363333334e-10,9.049108048805307e-10,1.959646990666667e-09,
GCR_He_min_6,94,6.632699733333334e-11,2.5123377929129627e-10,6.477895426666665e-10,
GCR_He_min_6,95,2.9990528456666667e-09,6.320302535496351e-09,1.2541120520500002e-08,
GCR_He_min_6,96,7.412719023333333e-10,1.003871760323844e-09,1.942078659333333e-09,
GCR_He_min_6,97,1.0509974987333332e-09,1.8273189810622369e-09,3.3210785367e-09,
GCR_He_min_6,98,3.8244053566666676e-10,8.598746957468731e-10,1.5377786143333333e-09,
GCR_He_min_6,99,7.585999182999999e-10,2.12926083279369e-09,3.77609956e-09,
GCR_He_min_6,100,1.8732835e-11,6.861609819653699e-11,8.8878314e-11,
GCR_He_min_6,101,6.330601466666667e-11,5.011714959636924e-10,2.9378660133333334e-10,
GCR_He_min_6,102,5.169281166666667e-11,7.546350106244534e-11,1.6150790333333334e-10,
GCR_He_min_6,103,1.3727180345e-09,2.7901837063269493e-09,5.189660718666667e-09,
GCR_He_min_6,104,1.0964363400000001e-10,2.396290869237628e-10,4.915876693333333e-10,
GCR_He_min_6,105,2.4019935633333334e-10,6.995816070427815e-10,1.719742762e-09,
GCR_He_min_6,106,8.31806342e-10,2.6184709543581614e-09,5.411141721e-09,
GCR_He_min_6,107,1.634143381413333e-08,3.3115303977649765e-08,6.53359997398e-08,
GCR_He_min_6,108,3.7171538505e-09,7.342136884504967e-09,1.554086937e-08,
GCR_He_min_6,109,1.0614289324716666e-08,2.0806349262194337e-08,4.25947889895e-08,
GCR_He_min_6,110,2.5097686333333337e-10,5.595946475524028e-10,8.300357326666667e-10,
GCR_He_min_6,113,8.939453623333333e-10,1.8455187409038905e-09,3.3606923763333335e-09,
GCR_He_min_6,114,7.589004999999999e-12,1.247102733932566e-11,7.066244666666666e-11,
GCR_He_min_6,115,8.724845988333333e-10,2.455613277747054e-09,4.299396921666666e-09,
GCR_He_min_6,116,7.482526708333334e-10,2.2475925083523095e-09,4.3054094796666666e-09,
GCR_He_min_6,117,1.477545118115e-08,2.962315205102506e-08,5.8819643298733335e-08,
GCR_He_min_6,118,2.5084817700000002e-09,5.547338306223688e-09,1.1119605579166668e-08,
GCR_He_min_6,119,7.508467346266667e-09,1.4945347162065068e-08,3.0451538520866664e-08,
GCR_He_min_6,120,8.051620933333333e-11,4.5731687905849965e-10,7.621988393333333e-10,
GCR_He_min_6,121,1.3069889366666668e-10,5.124003459920805e-10,6.221214216666666e-10,
GCR_He_min_6,122,3.490987571666667e-10,1.0365806688159805e-09,1.8951565953333337e-09,
GCR_He_min_6,123,4.378852684666666e-09,8.167237452136793e-09,1.6315969683133335e-08,
GCR_He_min_6,124,1.9513487048333337e-09,3.8762713547553405e-09,7.886368835e-09,
GCR_He_min_6,125,2.9886252983333332e-09,5.748621722326466e-09,1.1346506776666667e-08,
GCR_He_min_6,126,3.15111854e-10,8.409639093011614e-10,1.9637779533333333e-09,
GCR_He_min_6,127,7.151848716666666e-10,1.428886300318827e-09,3.083318647e-09,
GCR_He_min_6,128,1.2129221833333334e-10,8.487304171037284e-10,1.9312555966666665e-09,
GCR_He_min_6,129,6.356487845000001e-10,1.8681872431628695e-09,2.7782555636666666e-09,
GCR_He_min_6,130,6.273359403333332e-10,2.0391728831211197e-09,3.3738066460000004e-09,
GCR_He_min_6,131,2.850562898333333e-10,2.504568966271558e-10,1.0641251993333332e-09,
GCR_He_min_6,132,1.57455335e-10,3.5394193304161377e-10,1.0714414633333334e-09,
GCR_He_min_6,133,1.1536340799999999e-10,5.098052466631586e-10,6.98014479e-10,
GCR_He_min_6,134,1.7766648333333334e-11,6.638396714929759e-11,1.0835199333333333e-10,
GCR_He_min_6,135,2.1216373166666666e-10,7.112837349535263e-10,2.0298024233333333e-09,
GCR_He_min_6,136,4.228876166666666e-10,1.0034909647016964e-09,1.230512617e-09,
GCR_He_min_6,137,1.6537016853333335e-09,2.9312258329479293e-09,5.693063109e-09,
GCR_He_min_6,138,2.6710202871666665e-09,5.0553596754296555e-09,1.0111552981666668e-08,
GCR_He_min_6,140,2.5080017050000004e-13,8.162529364114952e-13,1.459100619e-12,
GCR_He_min_6,141,2.922514503333333e-10,5.622372639856157e-10,1.2015067420000002e-09,
