index,repeticion,especie,fase,bin_index,energy_mev,offset_x_m,n_events,seed1,seed2,macro_path,exit_code,duration_s,log_path,out_archive_path
0,0,GCR_H,min,0,17.78279410038923,0.0,10000,20260907,20260908,/home/joel/proyecto_IAC/iac-project/geant4/ActiveShield_Sim/build/macros/generated_organ/organ_run_000_r00.mac,0,64.91,/home/joel/proyecto_IAC/iac-project/geant4/ActiveShield_Sim/build/logs_organ/organ_run_000_r00.log,/home/joel/proyecto_IAC/iac-project/geant4/ActiveShield_Sim/build/organ_out_archive/organ_run_000_r00.out
1,0,GCR_H,min,0,17.78279410038923,1.0,10000,20260909,20260910,/home/joel/proyecto_IAC/iac-project/geant4/ActiveShield_Sim/build/macros/generated_organ/organ_run_001_r00.mac,0,48.48,/home/joel/proyecto_IAC/iac-project/geant4/ActiveShield_Sim/build/logs_organ/organ_run_001_r00.log,/home/joel/proyecto_IAC/iac-project/geant4/ActiveShield_Sim/build/organ_out_archive/organ_run_001_r00.out
5,0,GCR_H,min,1,56.23413251903491,0.0,10000,20260917,20260918,/home/joel/proyecto_IAC/iac-project/geant4/ActiveShield_Sim/build/macros/generated_organ/organ_run_005_r00.mac,0,35.5,/home/joel/proyecto_IAC/iac-project/geant4/ActiveShield_Sim/build/logs_organ/organ_run_005_r00.log,/home/joel/proyecto_IAC/iac-project/geant4/ActiveShield_Sim/build/organ_out_archive/organ_run_005_r00.out
6,0,GCR_H,min,1,56.23413251903491,1.0,10000,20260919,20260920,/home/joel/proyecto_IAC/iac-project/geant4/ActiveShield_Sim/build/macros/generated_organ/organ_run_006_r00.mac,0,38.9,/home/joel/proyecto_IAC/iac-project/geant4/ActiveShield_Sim/build/logs_organ/organ_run_006_r00.log,/home/joel/proyecto_IAC/iac-project/geant4/ActiveShield_Sim/build/organ_out_archive/organ_run_006_r00.out
10,0,GCR_H,min,2,177.82794100389228,0.0,10000,20260927,20260928,/home/joel/proyecto_IAC/iac-project/geant4/ActiveShield_Sim/build/macros/generated_organ/organ_run_010_r00.mac,0,171.28,/home/joel/proyecto_IAC/iac-project/geant4/ActiveShield_Sim/build/logs_organ/organ_run_010_r00.log,/home/joel/proyecto_IAC/iac-project/geant4/ActiveShield_Sim/build/organ_out_archive/organ_run_010_r00.out
11,0,GCR_H,min,2,177.82794100389228,1.0,10000,20260929,20260930,/home/joel/proyecto_IAC/iac-project/geant4/ActiveShield_Sim/build/macros/generated_organ/organ_run_011_r00.mac,0,163.52,/home/joel/proyecto_IAC/iac-project/geant4/ActiveShield_Sim/build/logs_organ/organ_run_011_r00.log,/home/joel/proyecto_IAC/iac-project/geant4/ActiveShield_Sim/build/organ_out_archive/organ_run_011_r00.out
15,0,GCR_H,min,3,562.341325190349,0.0,10000,20260937,20260938,/home/joel/proyecto_IAC/iac-project/geant4/ActiveShield_Sim/build/macros/generated_organ/organ_run_015_r00.mac,0,283.29,/home/joel/proyecto_IAC/iac-project/geant4/ActiveShield_Sim/build/logs_organ/organ_run_015_r00.log,/home/joel/proyecto_IAC/iac-project/geant4/ActiveShield_Sim/build/organ_out_archive/organ_run_015_r00.out
16,0,GCR_H,min,3,562.341325190349,1.0,10000,20260939,20260940,/home/joel/proyecto_IAC/iac-project/geant4/ActiveShield_Sim/build/macros/generated_organ/organ_run_016_r00.mac,0,278.42,/home/joel/proyecto_IAC/iac-project/geant4/ActiveShield_Sim/build/logs_organ/organ_run_016_r00.log,/home/joel/proyecto_IAC/iac-project/geant4/ActiveShield_Sim/build/organ_out_archive/organ_run_016_r00.out
20,0,GCR_H,min,4,1778.2794100389228,0.0,10000,20260947,20260948,/home/joel/proyecto_IAC/iac-project/geant4/ActiveShield_Sim/build/macros/generated_organ/organ_run_020_r00.mac,0,815.74,/home/joel/proyecto_IAC/iac-project/geant4/ActiveShield_Sim/build/logs_organ/organ_run_020_r00.log,/home/joel/proyecto_IAC/iac-project/geant4/ActiveShield_Sim/build/organ_out_archive/organ_run_020_r00.out
21,0,GCR_H,min,4,1778.2794100389228,1.0,10000,20260949,20260950,/home/joel/proyecto_IAC/iac-project/geant4/ActiveShield_Sim/build/macros/generated_organ/organ_run_021_r00.mac,0,827.84,/home/joel/proyecto_IAC/iac-project/geant4/ActiveShield_Sim/build/logs_organ/organ_run_021_r00.log,/home/joel/proyecto_IAC/iac-project/geant4/ActiveShield_Sim/build/organ_out_archive/organ_run_021_r00.out
25,0,GCR_H,min,5,5623.413251903491,0.0,10000,20260957,20260958,/home/joel/proyecto_IAC/iac-project/geant4/ActiveShield_Sim/build/macros/generated_organ/organ_run_025_r00.mac,0,2156.1,/home/joel/proyecto_IAC/iac-project/geant4/ActiveShield_Sim/build/logs_organ/organ_run_025_r00.log,/home/joel/proyecto_IAC/iac-project/geant4/ActiveShield_Sim/build/organ_out_archive/organ_run_025_r00.out
26,0,GCR_H,min,5,5623.413251903491,1.0,10000,20260959,20260960,/home/joel/proyecto_IAC/iac-project/geant4/ActiveShield_Sim/build/macros/generated_organ/organ_run_026_r00.mac,0,2437.62,/home/joel/proyecto_IAC/iac-project/geant4/ActiveShield_Sim/build/logs_organ/organ_run_026_r00.log,/home/joel/proyecto_IAC/iac-project/geant4/ActiveShield_Sim/build/organ_out_archive/organ_run_026_r00.out
30,0,GCR_H,min,6,17782.79410038923,0.0,10000,20260967,20260968,/home/joel/proyecto_IAC/iac-project/geant4/ActiveShield_Sim/build/macros/generated_organ/organ_run_030_r00.mac,0,5480.21,/home/joel/proyecto_IAC/iac-project/geant4/ActiveShield_Sim/build/logs_organ/organ_run_030_r00.log,/home/joel/proyecto_IAC/iac-project/geant4/ActiveShield_Sim/build/organ_out_archive/organ_run_030_r00.out
31,0,GCR_H,min,6,17782.79410038923,1.0,10000,20260969,20260970,/home/joel/proyecto_IAC/iac-project/geant4/ActiveShield_Sim/build/macros/generated_organ/organ_run_031_r00.mac,0,4994.91,/home/joel/proyecto_IAC/iac-project/geant4/ActiveShield_Sim/build/logs_organ/organ_run_031_r00.log,/home/joel/proyecto_IAC/iac-project/geant4/ActiveShield_Sim/build/organ_out_archive/organ_run_031_r00.out
40,0,GCR_He,min,0,17.78279410038923,0.0,10000,20260987,20260988,/home/joel/proyecto_IAC/iac-project/geant4/ActiveShield_Sim/build/macros/generated_organ/organ_run_040_r00.mac,0,65.63,/home/joel/proyecto_IAC/iac-project/geant4/ActiveShield_Sim/build/logs_organ/organ_run_040_r00.log,/home/joel/proyecto_IAC/iac-project/geant4/ActiveShield_Sim/build/organ_out_archive/organ_run_040_r00.out
41,0,GCR_He,min,0,17.78279410038923,1.0,10000,20260989,20260990,/home/joel/proyecto_IAC/iac-project/geant4/ActiveShield_Sim/build/macros/generated_organ/organ_run_041_r00.mac,0,80.97,/home/joel/proyecto_IAC/iac-project/geant4/ActiveShield_Sim/build/logs_organ/organ_run_041_r00.log,/home/joel/proyecto_IAC/iac-project/geant4/ActiveShield_Sim/build/organ_out_archive/organ_run_041_r00.out
45,0,GCR_He,min,1,56.23413251903491,0.0,10000,20260997,20260998,/home/joel/proyecto_IAC/iac-project/geant4/ActiveShield_Sim/build/macros/generated_organ/organ_run_045_r00.mac,0,66.02,/home/joel/proyecto_IAC/iac-project/geant4/ActiveShield_Sim/build/logs_organ/organ_run_045_r00.log,/home/joel/proyecto_IAC/iac-project/geant4/ActiveShield_Sim/build/organ_out_archive/organ_run_045_r00.out
46,0,GCR_He,min,1,56.23413251903491,1.0,10000,20260999,20261000,/home/joel/proyecto_IAC/iac-project/geant4/ActiveShield_Sim/build/macros/generated_organ/organ_run_046_r00.mac,0,61.09,/home/joel/proyecto_IAC/iac-project/geant4/ActiveShield_Sim/build/logs_organ/organ_run_046_r00.log,/home/joel/proyecto_IAC/iac-project/geant4/ActiveShield_Sim/build/organ_out_archive/organ_run_046_r00.out
50,0,GCR_He,min,2,177.82794100389228,0.0,10000,20261007,20261008,/home/joel/proyecto_IAC/iac-project/geant4/ActiveShield_Sim/build/macros/generated_organ/organ_run_050_r00.mac,0,789.99,/home/joel/proyecto_IAC/iac-project/geant4/ActiveShield_Sim/build/logs_organ/organ_run_050_r00.log,/home/joel/proyecto_IAC/iac-project/geant4/ActiveShield_Sim/build/organ_out_archive/organ_run_050_r00.out
51,0,GCR_He,min,2,177.82794100389228,1.0,10000,20261009,20261010,/home/joel/proyecto_IAC/iac-project/geant4/ActiveShield_Sim/build/macros/generated_organ/organ_run_051_r00.mac,0,744.5,/home/joel/proyecto_IAC/iac-project/geant4/ActiveShield_Sim/build/logs_organ/organ_run_051_r00.log,/home/joel/proyecto_IAC/iac-project/geant4/ActiveShield_Sim/build/organ_out_archive/organ_run_051_r00.out
55,0,GCR_He,min,3,562.341325190349,0.0,10000,20261017,20261018,/home/joel/proyecto_IAC/iac-project/geant4/ActiveShield_Sim/build/macros/generated_organ/organ_run_055_r00.mac,0,1520.8,/home/joel/proyecto_IAC/iac-project/geant4/ActiveShield_Sim/build/logs_organ/organ_run_055_r00.log,/home/joel/proyecto_IAC/iac-project/geant4/ActiveShield_Sim/build/organ_out_archive/organ_run_055_r00.out
56,0,GCR_He,min,3,562.341325190349,1.0,10000,20261019,20261020,/home/joel/proyecto_IAC/iac-project/geant4/ActiveShield_Sim/build/macros/generated_organ/organ_run_056_r00.mac,0,1597.07,/home/joel/proyecto_IAC/iac-project/geant4/ActiveShield_Sim/build/logs_organ/organ_run_056_r00.log,/home/joel/proyecto_IAC/iac-project/geant4/ActiveShield_Sim/build/organ_out_archive/organ_run_056_r00.out
60,0,GCR_He,min,4,1778.2794100389228,0.0,10000,20261027,20261028,/home/joel/proyecto_IAC/iac-project/geant4/ActiveShield_Sim/build/macros/generated_organ/organ_run_060_r00.mac,0,3408.33,/home/joel/proyecto_IAC/iac-project/geant4/ActiveShield_Sim/build/logs_organ/organ_run_060_r00.log,/home/joel/proyecto_IAC/iac-project/geant4/ActiveShield_Sim/build/organ_out_archive/organ_run_060_r00.out
61,0,GCR_He,min,4,1778.2794100389228,1.0,10000,20261029,20261030,/home/joel/proyecto_IAC/iac-project/geant4/ActiveShield_Sim/build/macros/generated_organ/organ_run_061_r00.mac,0,4735.3,/home/joel/proyecto_IAC/iac-project/geant4/ActiveShield_Sim/build/logs_organ/organ_run_061_r00.log,/home/joel/proyecto_IAC/iac-project/geant4/ActiveShield_Sim/build/organ_out_archive/organ_run_061_r00.out
65,0,GCR_He,min,5,5623.413251903491,0.0,10000,20261037,20261038,/home/joel/proyecto_IAC/iac-project/geant4/ActiveShield_Sim/build/macros/generated_organ/organ_run_065_r00.mac,0,8270.69,/home/joel/proyecto_IAC/iac-project/geant4/ActiveShield_Sim/build/logs_organ/organ_run_065_r00.log,/home/joel/proyecto_IAC/iac-project/geant4/ActiveShield_Sim/build/organ_out_archive/organ_run_065_r00.out
66,0,GCR_He,min,5,5623.413251903491,1.0,10000,20261039,20261040,/home/joel/proyecto_IAC/iac-project/geant4/ActiveShield_Sim/build/macros/generated_organ/organ_run_066_r00.mac,0,7767.08,/home/joel/proyecto_IAC/iac-project/geant4/ActiveShield_Sim/build/logs_organ/organ_run_066_r00.log,/home/joel/proyecto_IAC/iac-project/geant4/ActiveShield_Sim/build/organ_out_archive/organ_run_066_r00.out
