organo_id,offset_x_m,D_absorbida_GCR_Gy_dia,D_equivalente_GCR_Sv_dia,D_absorbida_SEP_Gy_evento,D_equivalente_SEP_Sv_evento
0,0.0,0.0,0.0,0.0,0.0
0,1.0,0.0,0.0,0.0,0.0
1,0.0,81.04430648264515,398.8036676243577,0.0,0.0
1,1.0,0.1271492827552215,0.4597255185918362,0.0,0.0
2,0.0,85.60289233634246,583.6129323668212,0.0,0.0
2,1.0,0.021784205593653762,0.15463453522689793,0.0,0.0
3,0.0,28.857713364019986,305.821055966649,0.0,0.0
3,1.0,0.028802749648544665,0.34233700180863014,0.0,0.0
4,0.0,45.54190367431937,262.6958287647175,0.0,0.0
4,1.0,0.04219259114996255,0.30611799159045977,0.0,0.0
5,0.0,67.35748221982563,370.2084550903704,0.0,0.0
5,1.0,0.017363802674726276,0.20125276988860683,0.0,0.0
6,0.0,34.81845086894702,293.7899512745514,0.0,0.0
6,1.0,0.01698924747278589,0.1949932222068066,0.0,0.0
7,0.0,43.098476183405154,239.94579537689668,0.0,0.0
7,1.0,0.07967156555558759,0.44239991572457327,0.0,0.0
8,0.0,64.89312829896562,472.24260041324897,0.0,0.0
8,1.0,0.03725652224192542,0.25340887601698336,0.0,0.0
9,0.0,22.93103731813146,45.86207463626292,0.0,0.0
9,1.0,0.021260442381987082,0.22333352324610764,0.0,0.0
10,0.0,126.78559547827984,670.2687583906876,0.0,0.0
10,1.0,0.046004644957371735,0.3221925249403109,0.0,0.0
11,0.0,69.42445694589091,470.40983939720377,0.0,0.0
11,1.0,0.04915792739751879,0.32977660533424635,0.0,0.0
12,0.0,90.221798646807,484.44713898437135,0.0,0.0
12,1.0,0.03996026547583938,0.42055923225801234,0.0,0.0
13,0.0,37.74494900790654,290.1791429911764,0.0,0.0
13,1.0,0.027692806857600418,0.1621302837883083,0.0,0.0
14,0.0,41.98841131915395,247.1740911795797,0.0,0.0
14,1.0,0.019712283657589712,0.13786591822146538,0.0,0.0
15,0.0,54.32832077393274,396.0162375674929,0.0,0.0
15,1.0,0.054684076299354546,0.2802992826241112,0.0,0.0
16,0.0,92.66273128413697,582.4487768660786,0.0,0.0
16,1.0,0.01677514867680775,0.15780653134759892,0.0,0.0
17,0.0,76.30524200323082,666.0030126004644,0.0,0.0
17,1.0,0.0368260178741648,0.30134083538773293,0.0,0.0
18,0.0,123.24945102322448,629.5525512974159,0.0,0.0
18,1.0,0.04990637216774534,0.3861267944217214,0.0,0.0
19,0.0,77.6138566522243,424.4408364932368,0.0,0.0
19,1.0,0.024056440421487413,0.20376997877423692,0.0,0.0
20,0.0,79.3473546210148,449.1792185217961,0.0,0.0
20,1.0,0.034019897702510626,0.33337412784883313,0.0,0.0
21,0.0,76.89423347744327,389.95760416201847,0.0,0.0
21,1.0,0.050377995065950996,0.3935617771013082,0.0,0.0
22,0.0,86.38413865989867,501.6511769457611,0.0,0.0
22,1.0,0.04060959793547741,0.5062567610119637,0.0,0.0
23,0.0,91.45925501193516,543.09665798421,0.0,0.0
23,1.0,0.046782060263376286,0.49913677002658663,0.0,0.0
24,0.0,42.14023260165175,237.96414979357053,0.0,0.0
24,1.0,0.013364025737182386,0.07180022380278507,0.0,0.0
25,0.0,34.00193075919378,203.76924625598508,0.0,0.0
25,1.0,0.02521301970115317,0.13553030615705808,0.0,0.0
26,0.0,48.330798808263495,303.6287643695638,0.0,0.0
26,1.0,0.014477276987559268,0.12159480271672313,0.0,0.0
27,0.0,47.075298769894864,291.81165689869505,0.0,0.0
27,1.0,0.024289724398873492,0.18825780651072616,0.0,0.0
28,0.0,137.75905557248157,769.2604281146348,0.0,0.0
28,1.0,0.03189161700920561,0.25444997397192903,0.0,0.0
29,0.0,178.52984781612506,974.8324966623227,0.0,0.0
29,1.0,0.060193365659739984,0.4871069233543969,0.0,0.0
30,0.0,137.97455619703493,874.0714893673053,0.0,0.0
30,1.0,0.03367809443142499,0.3365435342945521,0.0,0.0
31,0.0,114.56730081422411,608.2029586212516,0.0,0.0
31,1.0,0.026818960273242248,0.16481252602143176,0.0,0.0
32,0.0,86.3550207023491,558.3904412688298,0.0,0.0
32,1.0,0.03411086585496246,0.27443540177313025,0.0,0.0
33,0.0,128.38967450889064,733.8577325004924,0.0,0.0
33,1.0,0.05877412960917292,0.31654098769445793,0.0,0.0
34,0.0,57.246024563182736,381.4057149894712,0.0,0.0
34,1.0,0.016655221988240192,0.14604850734567523,0.0,0.0
35,0.0,62.27989556275925,476.51839296962,0.0,0.0
35,1.0,0.02710206304112564,0.29401111316013584,0.0,0.0
36,0.0,55.13688522874584,280.47549736797794,0.0,0.0
36,1.0,0.04416927838045283,0.2959412497625742,0.0,0.0
37,0.0,36.55811945704323,316.60687846964356,0.0,0.0
37,1.0,0.017062360974630042,0.12669222340437436,0.0,0.0
38,0.0,33.420477735574444,312.50454499480315,0.0,0.0
38,1.0,0.02056959086026909,0.19901598426190156,0.0,0.0
39,0.0,44.69430644816602,262.83119934032294,0.0,0.0
39,1.0,0.012400794086912581,0.10574862862571635,0.0,0.0
40,0.0,61.547874296582336,321.3360559541125,0.0,0.0
40,1.0,0.01853034286978336,0.18061665674917424,0.0,0.0
41,0.0,167.98900414957404,863.3939185386217,0.0,0.0
41,1.0,0.04316652601158171,0.28495664675761767,0.0,0.0
42,0.0,171.6164602807099,907.9756192372296,0.0,0.0
42,1.0,0.06445379034130054,0.43560736486342255,0.0,0.0
43,0.0,59.34757882773573,433.418911014679,0.0,0.0
43,1.0,0.029540965689027514,0.16760949170562606,0.0,0.0
44,0.0,82.60715429678139,584.0471501028445,0.0,0.0
44,1.0,0.04874577733565176,0.30874807077755395,0.0,0.0
45,0.0,46.55230482065344,296.48206523305157,0.0,0.0
45,1.0,0.010789091218168238,0.09101113155445296,0.0,0.0
46,0.0,42.07084050092612,272.62433527308684,0.0,0.0
46,1.0,0.01639729443662932,0.12063918976592147,0.0,0.0
47,0.0,87.0766259596533,334.3315576182125,0.0,0.0
47,1.0,0.01565464780246147,0.1144928561963152,0.0,0.0
48,0.0,65.10979330223209,319.75876006193045,0.0,0.0
48,1.0,0.030643967643930955,0.20193283162044406,0.0,0.0
49,0.0,65.62827564470754,428.75531328057286,0.0,0.0
49,1.0,0.021705409142813027,0.17435286040693584,0.0,0.0
50,0.0,74.81433847444903,508.25359734476444,0.0,0.0
50,1.0,0.039805191204270104,0.33167209148899574,0.0,0.0
51,0.0,136.1161406927651,581.3097055533038,0.0,0.0
51,1.0,0.029624330101701075,0.1983043386066597,0.0,0.0
52,0.0,163.52007256699537,638.4653723814797,0.0,0.0
52,1.0,0.04044908433867636,0.2637972250003621,0.0,0.0
53,0.0,138.34825367606177,754.417241088988,0.0,0.0
53,1.0,0.02147713163053109,0.1892055424466553,0.0,0.0
54,0.0,129.79019546883765,808.8453998139589,0.0,0.0
54,1.0,0.05599814661004193,0.34611387885517364,0.0,0.0
55,0.0,33.46469072471973,181.95921304720213,0.0,0.0
55,1.0,0.006979143656852673,0.05308226171376454,0.0,0.0
56,0.0,74.62545606814096,302.0599563767955,0.0,0.0
56,1.0,0.017008576448058022,0.22416415038523088,0.0,0.0
57,0.0,55.08273915345602,223.79186004823146,0.0,0.0
57,1.0,0.03183259123590735,0.3130000033692684,0.0,0.0
58,0.0,157.68292883669076,740.4534278851229,0.0,0.0
58,1.0,0.04193341275323543,0.3250904040281364,0.0,0.0
59,0.0,79.36018666190589,582.8299980069344,0.0,0.0
59,1.0,0.03222291723812808,0.34978634226401406,0.0,0.0
60,0.0,57.163933304462,535.2342876706846,0.0,0.0
60,1.0,0.028948500816368884,0.35544938898461675,0.0,0.0
61,0.0,50.50831073394802,352.2249231673705,0.0,0.0
61,1.0,0.03371018929398213,0.23334858440916068,0.0,0.0
62,0.0,55.14970768649822,352.51303327960085,0.0,0.0
62,1.0,0.14178584475370629,0.687929738791212,0.0,0.0
63,0.0,35.493975775789025,219.61572212442073,0.0,0.0
63,1.0,0.14817009787804145,0.4810121029545624,0.0,0.0
64,0.0,92.28575546665132,690.9634491755248,0.0,0.0
64,1.0,0.016450115239060696,0.21342840536019486,0.0,0.0
65,0.0,56.039820700882096,277.7697112591976,0.0,0.0
65,1.0,0.027960166309720168,0.4165399859512303,0.0,0.0
66,0.0,250.26282638036372,943.501656464873,0.0,0.0
66,1.0,0.0,0.0,0.0,0.0
67,0.0,24.519159855622238,259.7455422191694,0.0,0.0
67,1.0,0.01484860673067024,0.22431926794918963,0.0,0.0
68,0.0,20.766906708795133,95.20961560638463,0.0,0.0
68,1.0,0.03969098565237929,0.28906343479849134,0.0,0.0
69,0.0,43.164765346567336,559.0896685763635,0.0,0.0
69,1.0,0.00922201843606955,0.1453800754287003,0.0,0.0
70,0.0,93.0100310481332,751.8373975529514,0.0,0.0
70,1.0,0.04015056256721054,0.44151315730288104,0.0,0.0
71,0.0,93.02880802785691,783.1217525701918,0.0,0.0
71,1.0,0.0446641861441883,0.4306756090052841,0.0,0.0
72,0.0,107.72165370744942,672.3295861657584,0.0,0.0
72,1.0,0.03918639864542025,0.36404528513287027,0.0,0.0
73,0.0,106.45222985210967,608.7794933503935,0.0,0.0
73,1.0,0.036549135977741426,0.3674404494124402,0.0,0.0
74,0.0,172.34872622014072,800.0478296259901,0.0,0.0
74,1.0,0.05935366407735386,0.3802550759603953,0.0,0.0
75,0.0,156.56358322093757,671.6350002516808,0.0,0.0
75,1.0,0.041423252905318314,0.31392586666088684,0.0,0.0
76,0.0,176.1360723774219,502.767833911603,0.0,0.0
76,1.0,0.06903830243555582,0.4309415228523366,0.0,0.0
77,0.0,212.84202454251596,658.803278719152,0.0,0.0
77,1.0,0.04900637368953148,0.2451950529124557,0.0,0.0
78,0.0,112.47469563665376,848.3227259094701,0.0,0.0
78,1.0,0.2052636424803107,0.7769255791484508,0.0,0.0
79,0.0,119.12039622564093,787.8085552226028,0.0,0.0
79,1.0,0.05673584132185294,0.5509487980088174,0.0,0.0
80,0.0,113.40811071354666,914.9912403539856,0.0,0.0
80,1.0,0.04437363315182749,0.47165096639421367,0.0,0.0
81,0.0,104.60766794926961,831.9726953397221,0.0,0.0
81,1.0,0.055859576200553,0.6694038437877733,0.0,0.0
82,0.0,136.414424559981,723.0912679437902,0.0,0.0
82,1.0,0.07096815782968123,0.540658672905471,0.0,0.0
83,0.0,152.92513315683755,788.1419454583557,0.0,0.0
83,1.0,0.2917043421433815,0.9019605459329597,0.0,0.0
84,0.0,137.77776996905922,927.7097987496859,0.0,0.0
84,1.0,0.04873958413329417,0.4325545595968433,0.0,0.0
85,0.0,116.46142359374976,633.6335677709519,0.0,0.0
85,1.0,0.055838553230262516,0.40740280339065427,0.0,0.0
86,0.0,146.55928515618194,855.9123470193831,0.0,0.0
86,1.0,0.04630325663319529,0.46589829726872567,0.0,0.0
87,0.0,79.68298531964705,538.7314834615735,0.0,0.0
87,1.0,0.03371154745492232,0.3081102958439956,0.0,0.0
88,0.0,89.93727620197377,631.5862834169434,0.0,0.0
88,1.0,0.03141130660786243,0.3082050527576576,0.0,0.0
89,0.0,119.67562774761763,650.4192455884449,0.0,0.0
89,1.0,0.035685368664330405,0.3070023094189604,0.0,0.0
90,0.0,144.05505636006512,713.468680752939,0.0,0.0
90,1.0,0.035564766323275813,0.33890031799649634,0.0,0.0
91,0.0,179.8570500715202,640.4245535654586,0.0,0.0
91,1.0,0.03204074691529086,0.2965511074963586,0.0,0.0
92,0.0,126.28584769411543,610.4367960039024,0.0,0.0
92,1.0,0.05507855150478534,0.32035831594321657,0.0,0.0
93,0.0,109.17349201686443,627.9799935591753,0.0,0.0
93,1.0,0.034405462542074605,0.27878215031830267,0.0,0.0
94,0.0,84.04212034588183,566.042242896404,0.0,0.0
94,1.0,0.03426166491802757,0.26338683978183836,0.0,0.0
95,0.0,106.43495735221836,692.8638497134576,0.0,0.0
95,1.0,0.07681664794450362,0.5529887766438961,0.0,0.0
96,0.0,76.38488406522364,539.7314623259019,0.0,0.0
96,1.0,0.043072645021391937,0.24273487452942788,0.0,0.0
97,0.0,69.00572094921961,482.8233116203621,0.0,0.0
97,1.0,0.33229983012393727,1.1194356025966683,0.0,0.0
98,0.0,60.13095484773212,466.3246884968097,0.0,0.0
98,1.0,0.057348562407482956,0.5340329492915047,0.0,0.0
99,0.0,72.48966339339526,444.85063302565436,0.0,0.0
99,1.0,0.1162980164481559,0.9774639761937116,0.0,0.0
100,0.0,41.90717883027338,208.39402699278594,0.0,0.0
100,1.0,0.03993326069569566,0.3988599535038677,0.0,0.0
101,0.0,52.959642060522086,371.8271785630527,0.0,0.0
101,1.0,0.02133820174854742,0.3065156717489651,0.0,0.0
102,0.0,43.36027863975385,194.07291886456952,0.0,0.0
102,1.0,0.030955409004400233,0.15907151181701812,0.0,0.0
103,0.0,117.47838697212948,702.9160207896307,0.0,0.0
103,1.0,0.04805500708433724,0.3714787504610109,0.0,0.0
104,0.0,89.90589533588434,557.9523677558011,0.0,0.0
104,1.0,0.03322970541657857,0.30804467441275973,0.0,0.0
105,0.0,144.63041172834326,637.979617124493,0.0,0.0
105,1.0,0.022214353073085946,0.21650650497041976,0.0,0.0
106,0.0,55.7285369921022,281.72921601427225,0.0,0.0
106,1.0,0.033325327971565295,0.21557969016910758,0.0,0.0
107,0.0,123.74583466221972,688.4030876562558,0.0,0.0
107,1.0,0.0609120709366987,0.42005524008155837,0.0,0.0
108,0.0,92.96895747476275,535.0439848838008,0.0,0.0
108,1.0,0.05815192038578953,0.36617404979958457,0.0,0.0
109,0.0,106.99555125280047,587.5601723378386,0.0,0.0
109,1.0,0.04381402597592344,0.33304192165305346,0.0,0.0
110,0.0,70.79705438641668,343.89375417499554,0.0,0.0
110,1.0,0.031450195965101124,0.29689456597393754,0.0,0.0
111,0.0,0.0,0.0,0.0,0.0
111,1.0,0.0,0.0,0.0,0.0
112,0.0,0.0,0.0,0.0,0.0
112,1.0,0.0,0.0,0.0,0.0
113,0.0,135.35165710018347,884.3603990358874,0.0,0.0
113,1.0,0.03814142124041421,0.3357946220174708,0.0,0.0
114,0.0,0.8554636399204789,1.8040230882161032,0.0,0.0
114,1.0,0.010006412371309552,0.11010847150868978,0.0,0.0
115,0.0,294.74894667834263,1507.0291848129605,0.0,0.0
115,1.0,0.0767649872583216,0.5624767890428191,0.0,0.0
116,0.0,51.871171311337726,306.69459778158665,0.0,0.0
116,1.0,0.03789336132355291,0.2681622476416071,0.0,0.0
117,0.0,3115.3071906109917,7075.500937196468,0.0,0.0
117,1.0,0.06357356049067435,0.4603449692442422,0.0,0.0
118,0.0,94.45599441361891,550.7083254735783,0.0,0.0
118,1.0,0.07744847774680544,0.4406593710353917,0.0,0.0
119,0.0,113.29563349484606,631.9745105550754,0.0,0.0
119,1.0,0.053102053539681206,0.40538992108990757,0.0,0.0
120,0.0,40.517297134996376,207.58578823038005,0.0,0.0
120,1.0,0.023233980345083515,0.22799707561766386,0.0,0.0
121,0.0,42.13634555255444,245.84129547717805,0.0,0.0
121,1.0,0.09452242739989429,0.324135216521351,0.0,0.0
122,0.0,41.99538908934833,284.0757937018387,0.0,0.0
122,1.0,0.02639973841646591,0.2209438147674001,0.0,0.0
123,0.0,112.18390062822546,623.6420073720137,0.0,0.0
123,1.0,0.04999441524824205,0.36595041731697087,0.0,0.0
124,0.0,89.18570234748168,518.2228904893345,0.0,0.0
124,1.0,0.0526586129228946,0.36103790178377276,0.0,0.0
125,0.0,90.04664895068856,529.7923992416804,0.0,0.0
125,1.0,0.038282045868590214,0.3036877307922879,0.0,0.0
126,0.0,60.4975302004422,406.65502580852296,0.0,0.0
126,1.0,0.06591511982029022,0.3057336609939424,0.0,0.0
127,0.0,93.41116788505757,667.4274359282352,0.0,0.0
127,1.0,0.034931554990231345,0.4062075119510271,0.0,0.0
128,0.0,47.857721860587,386.49152584602797,0.0,0.0
128,1.0,0.00713181342959221,0.0892936728180493,0.0,0.0
129,0.0,104.98313597645426,588.8527666864267,0.0,0.0
129,1.0,0.06508916872561937,0.3445821739658561,0.0,0.0
130,0.0,158.50791919310416,636.2624310026987,0.0,0.0
130,1.0,0.050144804771651195,0.33526541332657966,0.0,0.0
131,0.0,60.38294736500397,355.1847242288986,0.0,0.0
131,1.0,0.030918049791461604,0.14926928754559993,0.0,0.0
132,0.0,51.65826551106569,344.8195966302805,0.0,0.0
132,1.0,0.02964823964283215,0.23208899900920638,0.0,0.0
133,0.0,44.126364538054005,362.1519774282468,0.0,0.0
133,1.0,0.021057843621017643,0.20783787009439558,0.0,0.0
134,0.0,39.21747764115892,477.2786278055719,0.0,0.0
134,1.0,0.10868296629209313,0.3157320161607952,0.0,0.0
135,0.0,154.82808996021927,585.3499109682605,0.0,0.0
135,1.0,0.04910445966190497,0.35447950168903986,0.0,0.0
136,0.0,127.97760019038712,592.8168922489725,0.0,0.0
136,1.0,0.03865741071815327,0.20983614595029185,0.0,0.0
137,0.0,207.48082310781683,1050.1249006988821,0.0,0.0
137,1.0,0.056830519933268125,0.4796266597403846,0.0,0.0
138,0.0,197.66701626617805,1060.7264733452514,0.0,0.0
138,1.0,0.05769327104623864,0.4657032484648078,0.0,0.0
139,0.0,0.0,0.0,0.0,0.0
139,1.0,0.0,0.0,0.0,0.0
140,0.0,29.71342298464443,203.0576975990191,0.0,0.0
140,1.0,22.949699964241283,229.09978552380716,0.0,0.0
141,0.0,39.759902283212575,305.9388537852268,0.0,0.0
141,1.0,0.02358824372269732,0.14165758919329516,0.0,0.0
