combo_label,M,organo_id,n_seeds_con_datos,edep_medio_J,s_between_J,se_within_medio_J,ratio_se_within_sobre_s_between,ic95_s_between_low,ic95_s_between_high
GCR_H_min_2,2500,0,3,2.30577e-13,1.605694529199125e-13,9.633059829999999e-15,0.05999310363724473,-1.6833182697845325e-13,6.294858269784532e-13
GCR_H_min_2,2500,12,2,8.800549999999999e-13,2.3796264507270874e-13,1.4255829999999998e-13,0.5990784812315468,-1.257920089999999e-12,3.0180300899999986e-12
GCR_H_min_2,2500,34,2,6.554525e-13,1.8617767995251205e-13,2.230815e-13,1.1982182829698003,-1.0172606349999999e-12,2.3281656349999997e-12
GCR_H_min_2,2500,107,2,2.12556843e-12,3.000524993466665e-12,3.4429879000000004e-13,0.11474618300119989,-2.4832644658419997e-11,2.9083781518419997e-11
GCR_H_min_2,2500,108,2,9.964145449999999e-12,1.4017337711523233e-11,1.0594361e-12,0.07558040776381304,-1.1597460786229998e-10,1.3590289876229997e-10
GCR_H_min_2,2500,109,3,1.8017573333333334e-11,1.4179389753093513e-11,1.3470317999999998e-12,0.09499927877404726,-1.7208826400979937e-11,5.3243973067646605e-11
GCR_H_min_2,2500,117,3,1.936588e-11,2.347038960003008e-11,1.8785033333333334e-12,0.08003716024087329,-3.8942505647580555e-11,7.767426564758055e-11
GCR_H_min_2,2500,118,2,2.550465e-12,8.130808744829753e-13,4.2755879999999996e-13,0.5258502732238999,-4.754659109999997e-12,9.855589109999998e-12
GCR_H_min_2,2500,119,3,9.058086666666668e-12,8.495588283081598e-12,7.755432333333333e-13,0.09128776106979859,-1.20478279071738e-11,3.0164001240507137e-11
GCR_H_min_2,2500,123,3,1.9187826666666666e-12,1.6037995099641767e-12,2.572644333333333e-13,0.16040934776135435,-2.0655977344269767e-12,5.90316306776031e-12
GCR_H_min_2,2500,124,2,6.754629999999999e-13,3.812917754056596e-13,1.099e-13,0.2882307122493698,-2.7502524839999994e-12,4.101178483999999e-12
GCR_H_min_2,2500,125,3,1.8811833333333335e-12,6.075052764654257e-13,5.532365333333333e-13,0.9106695114685462,3.7193476325247337e-13,3.3904319034141936e-12
GCR_H_min_2,5000,0,3,8.066196666666666e-13,4.9442660588032e-13,2.0472847869999997e-14,0.041407253627762125,-4.2170324153324973e-13,2.034942574866583e-12
GCR_H_min_2,5000,10,2,2.1842e-12,1.3909638914076812e-12,8.423982e-13,0.6056219037774427,-1.0312913359999996e-11,1.4681313359999995e-11
GCR_H_min_2,5000,12,2,5.805589999999999e-13,1.3931276381581127e-13,3.2049900000000003e-13,2.3005716864804966,-6.710963540000004e-13,1.8322143540000003e-12
GCR_H_min_2,5000,19,3,2.6948306666666664e-12,1.9404638162308856e-12,5.714572e-13,0.2944951589512171,-2.1259377338639055e-12,7.515599067197238e-12
GCR_H_min_2,5000,26,3,4.660646666666667e-12,6.067344691587361e-12,1.0749862666666666e-12,0.1771757368848983,-1.0412689573709298e-11,1.973398290704263e-11
GCR_H_min_2,5000,27,3,7.014023333333333e-12,5.725137152683186e-12,1.1289173666666666e-12,0.19718608245700797,-7.209153642966824e-12,2.123720030963349e-11
GCR_H_min_2,5000,34,3,2.2638266666666664e-12,6.84104795505289e-13,5.840424999999999e-13,0.8537325039047831,5.64278984695912e-13,3.963374348637421e-12
GCR_H_min_2,5000,35,3,2.4725766666666667e-12,1.125004266895612e-12,3.2704256666666667e-13,0.29070340112497783,-3.2231441810846246e-13,5.2674677514417955e-12
GCR_H_min_2,5000,37,3,6.39299e-13,4.031510613169709e-13,2.4407693333333334e-13,0.6054230206811533,-3.622645853557029e-13,1.640862585355703e-12
GCR_H_min_2,5000,38,2,3.65267e-12,2.6228428991840132e-12,4.5025e-13,0.17166487559742,-1.9912258779999998e-11,2.7217598779999995e-11
GCR_H_min_2,5000,43,3,1.3884683333333334e-12,6.536381908658134e-13,7.659396e-13,1.171809742306262,-2.3538999865370223e-13,3.012326665320369e-12
GCR_H_min_2,5000,44,3,2.01837e-12,3.280686854913159e-13,8.229344666666667e-13,2.508421263779685,1.2033364296796357e-12,2.8334035703203643e-12
GCR_H_min_2,5000,49,2,1.518112e-12,1.10820320331968e-12,5.965167e-13,0.5382737554025321,-8.438538308e-12,1.1474762308000001e-11
GCR_H_min_2,5000,50,2,7.0196499999999995e-12,7.747556869426644e-12,1.3192234e-12,0.17027605246834784,-6.258826509999998e-11,7.662756509999998e-11
GCR_H_min_2,5000,52,2,4.435546755e-12,6.259907785882526e-12,1.0682e-12,0.17064149130263978,-5.180658699597e-11,6.067768050597e-11
GCR_H_min_2,5000,58,2,4.60271e-13,1.659013930019876e-14,1.590118e-13,9.584717591738059,3.1121691400000015e-13,6.093250859999998e-13
GCR_H_min_2,5000,61,3,6.961023333333334e-12,3.2259072612574176e-12,8.045612666666666e-13,0.24940619847610215,-1.0532213323149453e-12,1.4975267998981613e-11
GCR_H_min_2,5000,87,2,1.428145236949e-12,2.0197016929388346e-12,2.655667407004e-13,0.13148810125220928,-1.6717862122377008e-11,1.9574152596275005e-11
GCR_H_min_2,5000,88,2,3.58216000323097e-12,5.065939250021125e-12,3.050752e-13,0.06022085637894846,-4.193276491571632e-11,4.909708492217826e-11
GCR_H_min_2,5000,95,3,1.4138554333333333e-11,1.4463994505742745e-11,1.2928722266666665e-12,0.08938555847441369,-2.179489986225673e-11,5.00720085289234e-11
GCR_H_min_2,5000,97,2,2.11324501059945e-12,2.9885797246272453e-12,5.6204320481095e-13,0.18806364781888213,-2.4737645824723935e-11,2.8964135845922834e-11
GCR_H_min_2,5000,99,2,3.8078300999999996e-12,5.245911931116649e-12,4.1655e-13,0.07940468796839538,-4.332405914939998e-11,5.0939719349399986e-11
GCR_H_min_2,5000,103,3,1.897614e-13,1.5078757552092943e-13,1.3903871999999998e-13,0.9220833979169677,-1.8484593520702883e-13,5.643687352070288e-13
GCR_H_min_2,5000,106,2,1.0376235e-11,1.924412318202624e-12,1.6563959500000002e-12,0.860728199633981,-6.9136450899999916e-12,2.766611508999999e-11
GCR_H_min_2,5000,107,3,4.977993333333333e-11,4.110510497132118e-11,3.7197990666666665e-12,0.09049481978605702,-5.233904950404593e-11,1.5189891617071259e-10
GCR_H_min_2,5000,108,3,8.543083333333333e-12,9.561985767424742e-12,1.3256959000000002e-12,0.13864232098277218,-1.521212325612029e-11,3.229828992278696e-11
GCR_H_min_2,5000,109,3,3.6029953333333336e-11,2.9341979167883916e-11,2.6775439333333335e-12,0.09125301050803086,-3.6865446621257e-11,1.0892535328792368e-10
GCR_H_min_2,5000,116,3,5.0817266666666676e-12,4.069998013381989e-12,5.961037999999999e-13,0.14646292161323782,-5.029524905776749e-12,1.5192978239110083e-11
GCR_H_min_2,5000,117,3,2.5292066666666668e-11,1.15154230961495e-11,4.189173033333334e-12,0.36378802570737495,-3.31613891610221e-12,5.390027224943554e-11
GCR_H_min_2,5000,118,3,2.462876666666667e-12,1.95391202302799e-12,4.613573666666667e-13,0.23611982588228217,-2.3913016278433795e-12,7.317054961176714e-12
GCR_H_min_2,5000,119,3,1.9720033333333334e-11,1.4068990035654064e-11,2.548321633333333e-12,0.1811303886686463,-1.523209616475706e-11,5.4672162831423724e-11
GCR_H_min_2,5000,122,3,1.5956206666666667e-12,9.58405153962213e-13,3.3981863333333336e-13,0.35456678412930503,-7.85381876375308e-13,3.976623209708641e-12
GCR_H_min_2,5000,123,3,4.394046666666666e-12,2.7080701634620424e-12,5.7240488e-13,0.2113700330674697,-2.3337155112414896e-12,1.1121808844574821e-11
GCR_H_min_2,5000,124,3,1.148012e-12,6.375769157889894e-13,2.972784333333333e-13,0.4662628554634179,-4.359446926392965e-13,2.7319686926392967e-12
GCR_H_min_2,5000,125,3,4.44312e-12,2.0657546129441415e-12,7.164392e-13,0.3468171851151871,-6.889131139565369e-13,9.575153113956538e-12
GCR_H_min_2,5000,131,2,3.82864e-12,3.931061155057245e-12,9.015299e-13,0.229334997457416,-3.1489974079999995e-11,3.914725407999999e-11
GCR_H_min_2,10000,0,3,1.7517466666666666e-12,6.314229638153282e-13,5.406367981333333e-14,0.08562197276870864,1.830784720477211e-13,3.320414861285612e-12
GCR_H_min_2,10000,10,2,1.508085e-12,7.06024907811332e-13,1.224375e-12,1.7341810274024843,-4.8351949099999986e-12,7.851364909999998e-12
GCR_H_min_2,10000,19,2,1.2756724999999998e-12,1.0879368158640921e-12,4.784125e-13,0.4397429088012079,-8.498894474999999e-12,1.1050239474999997e-11
GCR_H_min_2,10000,20,2,5.38329e-12,2.548200707361961e-12,1.18151025e-12,0.4636645169222816,-1.7511016099999995e-11,2.8277596099999997e-11
GCR_H_min_2,10000,26,2,9.134919445e-12,1.2914429330852147e-11,1.2180713999999999e-12,0.09431863915891872,-1.0689475488683e-10,1.2516459377683e-10
GCR_H_min_2,10000,31,3,1.6152499999999998e-12,7.795933656079943e-13,4.2685690000000004e-13,0.547537881709781,-3.2152358513503073e-13,3.5520235851350305e-12
GCR_H_min_2,10000,32,3,2.4501323333333337e-12,3.1968457515432824e-12,3.265575e-13,0.10214990818445145,-5.49191371334057e-12,1.0392178380007238e-11
GCR_H_min_2,10000,34,3,4.5239869999999995e-12,3.598188515509853e-12,1.3204778333333335e-12,0.36698406090772195,-4.41513020983e-12,1.3463104209829998e-11
GCR_H_min_2,10000,35,3,2.5316266666666664e-13,7.789365670151409e-14,1.5777976666666667e-13,2.02557914659564,5.96484791371034e-14,4.4667685419622986e-13
GCR_H_min_2,10000,37,2,9.884385000000001e-13,1.7986180218295383e-13,1.0811735000000001e-13,0.6011134587099489,-6.275296390000002e-13,2.6044066390000006e-12
GCR_H_min_2,10000,38,2,1.1800495e-12,4.760674186084361e-13,1.8666164999999998e-13,0.3920907894634322,-3.097177632999999e-12,5.4572766329999986e-12
GCR_H_min_2,10000,43,2,5.167429500000001e-13,7.147110782221059e-13,5.58556e-14,0.07815130015746326,-5.904577847300001e-12,6.9380637473e-12
GCR_H_min_2,10000,44,2,1.0531435e-12,1.0558023481930683e-13,2.60757e-13,2.469752036887087,1.0455801100000144e-13,2.0017289889999988e-12
GCR_H_min_2,10000,51,2,3.4607800000000003e-13,6.820044904544252e-14,0.0,0.0,-2.6666884999999996e-13,9.588248500000001e-13
GCR_H_min_2,10000,52,2,6.213434999999999e-12,3.3545357831524174e-12,1.994244e-12,0.5944917952629242,-2.392538759e-11,3.635225759e-11
GCR_H_min_2,10000,61,2,1.179335317e-11,1.6675341184274763e-11,7.165229e-13,0.042969009874034715,-1.3802622905197998e-10,1.6161293539197997e-10
GCR_H_min_2,10000,74,3,2.4122216666666664e-12,1.833623636234637e-12,3.7665216666666667e-13,0.20541410964800025,-2.143119592515122e-12,6.967562925848455e-12
GCR_H_min_2,10000,75,3,1.143194286854e-12,1.5272913225835245e-12,2.0783053333333335e-13,0.1360778590568909,-2.651113901080357e-12,4.937502474788357e-12
GCR_H_min_2,10000,82,2,6.262060000000001e-14,7.508766909419948e-15,0.0,0.0,-4.8419069999999735e-15,1.30083107e-13
GCR_H_min_2,10000,95,2,1.4538990000000001e-11,8.01040260212931e-12,2.49336125e-12,0.3112654099729294,-5.7430462259999996e-11,8.650844225999999e-11
GCR_H_min_2,10000,99,3,6.49564e-12,5.153446915880671e-12,7.622194133333333e-13,0.14790477631282203,-6.3072650776864686e-12,1.929854507768647e-11
GCR_H_min_2,10000,106,2,1.0221322950999999e-11,1.4454502942043696e-11,1.727277e-12,0.11949750239946912,-1.1964514083359398e-10,1.40087786735594e-10
GCR_H_min_2,10000,107,3,7.129426666666667e-11,2.1148713547006432e-11,4.02689663e-12,0.1904085854229181,1.8753709544961207e-11,1.2383482378837212e-10
GCR_H_min_2,10000,108,3,6.40349e-12,6.31057001873048e-12,1.3996554999999997e-12,0.22179541560360874,-9.274100213829467e-12,2.2081080213829467e-11
GCR_H_min_2,10000,109,3,7.909560000000001e-11,1.249234516373927e-11,3.780387553333333e-12,0.30261632253857523,4.8060389598164e-11,1.1013081040183602e-10
GCR_H_min_2,10000,117,3,5.866746666666667e-11,1.1212957898936985e-11,4.074916933333333e-12,0.36341141829486806,3.0810686930020776e-11,8.652424640331256e-11
GCR_H_min_2,10000,118,3,1.086453e-11,7.370543288842417e-12,2.2819131e-12,0.3095990364040568,-7.446392308569587e-12,2.917545230856959e-11
GCR_H_min_2,10000,119,3,4.918766666666667e-11,3.663734270294905e-12,4.601202133333333e-12,1.255877690322494,4.00857116338308e-11,5.828962169950254e-11
GCR_H_min_2,10000,122,3,2.4354520666666667e-12,4.106421016693005e-12,6.862387566666668e-13,0.1671135896385292,-7.76628656456418e-12,1.2637190697897513e-11
GCR_H_min_2,10000,123,3,6.358773333333334e-12,1.8338472593521342e-12,1.0932871666666665e-12,0.5961713338399325,1.8028765186964824e-12,1.0914670147970186e-11
GCR_H_min_2,10000,124,3,6.609156333333334e-12,7.612143851902717e-12,1.4345038333333333e-12,0.18844938577648757,-1.2301983485199296e-11,2.5520296151865965e-11
GCR_H_min_2,10000,125,3,1.0820153333333333e-11,4.362645063563311e-12,1.4236330000000002e-12,0.32632336100182496,-1.8132487428550928e-14,2.1658439154095214e-11
GCR_H_min_2,20000,0,3,2.812253333333333e-12,4.178316443656863e-13,3.606341698e-14,0.08631088015066014,1.7742182145892479e-12,3.850288452077418e-12
GCR_H_min_2,20000,4,3,2.057261e-12,1.6103289099072277e-12,2.506339e-13,0.15564143353449403,-1.943340638849587e-12,6.057862638849586e-12
GCR_H_min_2,20000,5,3,1.82695e-12,1.2320570716082921e-12,5.013354666666667e-13,0.40690928871682686,-1.2338964578309772e-12,4.887796457830977e-12
GCR_H_min_2,20000,7,2,4.065435e-13,1.0386337955458602e-13,5.27962e-14,0.5083235325714839,-5.266169049999997e-13,1.3397039049999997e-12
GCR_H_min_2,20000,10,3,6.6778360499999995e-12,6.90654166366694e-12,9.229338e-13,0.13363182978468852,-1.0480349292422199e-11,2.3836021392422198e-11
GCR_H_min_2,20000,12,3,1.680991e-12,6.928141295203209e-13,5.398165666666666e-13,0.7791650655860841,-4.019361323334501e-14,3.402175613233345e-12
GCR_H_min_2,20000,13,3,5.609816666666667e-12,6.09295980138006e-12,1.9573761666666668e-12,0.3212521057866359,-9.527156169677686e-12,2.0746789503011022e-11
GCR_H_min_2,20000,14,3,6.000316666666667e-12,2.42207268434152e-12,2.0552988999999997e-12,0.8485702816795386,-1.693104637832561e-14,1.201756437971166e-11
GCR_H_min_2,20000,15,2,3.139425e-12,2.4480248896712634e-12,8.650260499999999e-13,0.3533567218412396,-1.885485159e-11,2.513370159e-11
GCR_H_min_2,20000,19,3,1.5600096666666666e-12,7.202469895322946e-13,2.5060201333333334e-13,0.3479389945052964,-2.2932744885799975e-13,3.349346782191333e-12
GCR_H_min_2,20000,20,2,2.5705685e-12,2.3360142257838456e-12,3.989083e-13,0.17076449946110536,-1.8417348419e-11,2.3558485418999998e-11
GCR_H_min_2,20000,22,3,2.1791633333333334e-12,6.394100644604629e-13,4.047573e-13,0.6330167798367954,5.906524794079588e-13,3.767674187258708e-12
GCR_H_min_2,20000,23,3,1.4290909999999999e-12,6.353727915428863e-13,2.7442626666666666e-13,0.4319137840326351,-1.493899025588115e-13,3.0075719025588115e-12
GCR_H_min_2,20000,24,2,1.2140365000000001e-12,1.2718354906608403e-12,2.5342610000000003e-13,0.19926012590537234,-1.0212767891e-11,1.2640840891e-11
GCR_H_min_2,20000,25,2,1.520291175e-12,2.1467745259814227e-12,2.702167e-13,0.12587102032826075,-1.776740189545e-11,2.0807984245449998e-11
GCR_H_min_2,20000,26,3,9.844116666666667e-12,6.8700470497539785e-12,1.0905821666666667e-12,0.1587444974930297,-7.223403712013566e-12,2.69116370453469e-11
GCR_H_min_2,20000,27,3,4.444807333333333e-12,3.753908054199161e-12,5.507278666666667e-13,0.14670787315917785,-4.881169876244939e-12,1.3770784542911605e-11
GCR_H_min_2,20000,31,3,5.162798333333333e-13,6.513098135980167e-13,2.2733133333333332e-13,0.34903716877455254,-1.1017940220439245e-12,2.134353688710591e-12
GCR_H_min_2,20000,32,2,5.67995635e-12,7.966609569982117e-12,9.42570155e-13,0.11831509335559366,-6.58960374669e-11,7.725595016689999e-11
GCR_H_min_2,20000,34,3,1.0128496666666666e-11,2.8991864191585424e-12,1.7448159666666666e-12,0.6018295184940472,2.9259370725000755e-12,1.7331056260833255e-11
GCR_H_min_2,20000,35,3,5.780419999999999e-12,4.593501057940446e-12,8.867870999999999e-13,0.19305255159723464,-5.631390188213388e-12,1.7192230188213386e-11
GCR_H_min_2,20000,36,2,1.3121345e-12,1.3000235953860605e-12,2.9808801e-13,0.2292943074709952,-1.0367925882999996e-11,1.2992194882999995e-11
GCR_H_min_2,20000,37,3,1.5574616666666667e-12,1.3554714162454085e-12,3.7658393333333333e-13,0.27782506426911824,-1.809987763001436e-12,4.92491109633477e-12
GCR_H_min_2,20000,38,3,4.489315463333333e-12,4.834999851565783e-12,5.391290666666666e-13,0.11150549808022707,-7.522459405147382e-12,1.6501090331814045e-11
GCR_H_min_2,20000,39,3,2.6398166666666663e-12,6.416888238338995e-13,5.373865e-13,0.8374565366267029,1.045644603762289e-12,4.2339887295710436e-12
GCR_H_min_2,20000,40,3,3.847074e-12,5.653916469652076e-12,3.869673666666667e-13,0.06844235650522078,-1.0199166712223114e-11,1.7893314712223115e-11
GCR_H_min_2,20000,41,3,1.8107196666666667e-12,1.8130716428349801e-12,9.14205e-13,0.5042299368658804,-2.693563490055153e-12,6.315002823388486e-12
GCR_H_min_2,20000,42,3,4.301183333333333e-12,3.094805998448583e-12,8.820033e-13,0.2849946977103397,-3.3873614559595684e-12,1.1989728122626233e-11
GCR_H_min_2,20000,43,3,3.465807e-12,3.2820409334234392e-12,1.2690054000000002e-12,0.3866513019617714,-4.687892692183801e-12,1.1619506692183801e-11
GCR_H_min_2,20000,44,3,5.034076666666666e-12,2.3987851786755174e-12,7.387709666666666e-13,0.3079771266031321,-9.2531700627574e-13,1.0993470339609072e-11
GCR_H_min_2,20000,45,2,5.1330050000000005e-12,4.9864109549103555e-12,1.5011449999999999e-12,0.30104718876444614,-3.966739805e-11,4.9933408050000004e-11
GCR_H_min_2,20000,46,3,4.509310000000001e-12,2.624111174340752e-12,1.2355792666666667e-12,0.4708562955519892,-2.009869653301961e-12,1.1028489653301961e-11
GCR_H_min_2,20000,49,2,2.262745e-12,1.0558730588711885e-12,2.609868e-13,0.24717630382483236,-7.223745189999999e-12,1.174923519e-11
GCR_H_min_2,20000,50,2,2.35310995e-12,3.310702304497341e-12,3.507185e-13,0.10593477387670137,-2.7391890805299996e-11,3.2098110705299994e-11
GCR_H_min_2,20000,51,3,1.8675601e-12,1.6052120850513897e-12,4.0902266666666665e-13,0.2548091124379817,-2.1203296153549318e-12,5.855449815354931e-12
GCR_H_min_2,20000,52,2,5.76243e-12,3.3404007185964982e-12,1.7174205e-12,0.5141360706932164,-2.4249396119999997e-11,3.577425612e-11
GCR_H_min_2,20000,58,2,1.8988925e-12,2.450036608463739e-12,1.516324e-13,0.061889850737813654,-2.0113458375e-11,2.3911243374999996e-11
GCR_H_min_2,20000,61,3,2.2978366666666665e-11,9.602146204017795e-12,2.5567156333333333e-12,0.26626501815433046,-8.766120298780127e-13,4.683334536321134e-11
GCR_H_min_2,20000,67,2,4.75049e-13,2.4155050488044937e-13,7.408e-14,0.30668534531386893,-1.6951612119999997e-12,2.6452592119999995e-12
GCR_H_min_2,20000,74,3,2.77785e-12,1.0556289827396746e-12,4.747369e-13,0.4497194637152866,1.553105843667283e-13,5.4003894156332715e-12
GCR_H_min_2,20000,75,3,3.4407067333333337e-12,4.4293679062184495e-12,4.756307666666667e-13,0.10738118321553787,-7.563341194804628e-12,1.4444754661471296e-11
GCR_H_min_2,20000,78,2,1.8399949999999998e-12,4.869349427284923e-13,3.4271005e-13,0.7038107556620558,-2.5348713900000004e-12,6.21486139e-12
GCR_H_min_2,20000,79,2,2.9935e-12,2.4362657039001313e-13,4.851239999999999e-13,1.991260638046918,8.0463738e-13,5.18236262e-12
GCR_H_min_2,20000,89,2,7.271079999999999e-12,3.849107479117723e-12,1.5486815e-12,0.4023482088774987,-2.731122137999999e-11,4.185338137999999e-11
GCR_H_min_2,20000,95,3,1.004596e-11,9.419364486381234e-12,7.299983999999999e-13,0.07749975075871104,-1.3354927091637272e-11,3.344684709163727e-11
GCR_H_min_2,20000,96,2,8.959875e-12,2.1565696166017925e-12,1.727105e-12,0.8008575223838497,-1.0415822050000002e-11,2.833557205e-11
GCR_H_min_2,20000,97,2,7.936505e-12,1.1189752680242755e-12,9.474249e-13,0.8466897589906752,-2.1169269099999962e-12,1.7989936909999993e-11
GCR_H_min_2,20000,98,2,2.17148e-12,1.0356144495901936e-12,4.3310839999999994e-13,0.4182139406913323,-7.132996739999997e-12,1.1475956739999998e-11
GCR_H_min_2,20000,99,3,9.502816666666667e-12,2.271709518013545e-12,9.185534933333334e-13,0.4043446074639621,3.859121912854682e-12,1.5146511420478652e-11
GCR_H_min_2,20000,101,2,7.611447e-13,9.825889363330832e-13,1.012824e-13,0.10307708163087514,-8.066924381799997e-12,9.589213781799998e-12
GCR_H_min_2,20000,103,2,6.445075e-13,1.7170744678231056e-13,2.806255e-13,1.6343234103048248,-8.981978430000003e-13,2.1872128430000006e-12
GCR_H_min_2,20000,106,3,2.951816666666667e-11,7.472660538478468e-12,2.7626259000000004e-12,0.3696977650429317,1.0953550573097385e-11,4.808278276023595e-11
GCR_H_min_2,20000,107,3,1.3162696666666666e-10,4.262546342391286e-11,5.883542533333334e-12,0.1380288226973896,2.573089923516713e-11,2.375230340981662e-10
GCR_H_min_2,20000,108,3,2.113857333333333e-11,1.0733389692736091e-11,1.4209515666666667e-12,0.13238609678248311,-5.526796785150772e-12,4.780394345181744e-11
GCR_H_min_2,20000,109,3,1.2513233333333332e-10,2.5204996356542748e-11,5.4994812300000005e-12,0.2181901219982695,6.251459784413318e-11,1.8775006882253347e-10
GCR_H_min_2,20000,116,3,2.3245633333333333e-11,4.3166396251405244e-12,2.4085012e-12,0.5579574412403243,1.2521640581035829e-11,3.396962608563084e-11
GCR_H_min_2,20000,117,3,9.916003333333332e-11,2.99171344086183e-11,5.2977257333333336e-12,0.17707998570234737,2.483575323846936e-11,1.734843134281973e-10
GCR_H_min_2,20000,118,3,2.49181e-11,1.647756876210808e-11,3.3799266666666665e-12,0.2051228986183427,-1.601775365597396e-11,6.585395365597396e-11
GCR_H_min_2,20000,119,3,8.6708e-11,2.8220477105995212e-11,6.2116736e-12,0.22011228147097417,1.6598790468472757e-11,1.5681720953152725e-10
GCR_H_min_2,20000,121,3,1.07642e-12,6.844201986353121e-13,2.2103923333333333e-13,0.3229583723187462,-6.239112500176954e-13,2.7767512500176953e-12
GCR_H_min_2,20000,122,3,6.074926666666666e-12,2.216513351850905e-12,8.711605e-13,0.39303192072925497,5.683578574054707e-13,1.1581495475927862e-11
GCR_H_min_2,20000,123,3,1.3090583333333333e-11,6.6390564281254096e-12,1.9285116666666666e-12,0.29047978241257355,-3.4030782182707757e-12,2.958424488493744e-11
GCR_H_min_2,20000,124,3,5.30001e-12,1.1542509115439329e-12,8.367071e-13,0.7248918685113409,2.4324603584598024e-12,8.167559641540197e-12
GCR_H_min_2,20000,125,3,1.9340966666666667e-11,2.9135489979290423e-12,2.2914617e-12,0.7864846967148234,1.2102725569290476e-11,2.6579207764042858e-11
GCR_H_min_2,20000,140,3,6.01108e-15,2.0848464752350476e-15,1.3501224e-15,0.6475884032889213,8.316162430861238e-16,1.1190543756913876e-14
GCR_H_min_2,20000,141,2,3.176505e-12,1.79324401029252e-12,4.9959195e-13,0.27859674820188296,-1.2934893589999996e-11,1.9287903589999997e-11
