combo_label,species,phase,bin_index,energy_mev,M,seed_idx,seed1,seed2,exit_code,duration_s,macro_path,out_path
GCR_He_min_6,GCR_He,min,6,17782.79410038923,2500,0,2033491900,2033491901,0,1506.36,/home/bryam/Documents/iac-project/geant4/ActiveShield_Sim/scripts/pilots/results/intrarun_pilot_20260921T022121Z/macros/GCR_He_min_6_M2500_seed0.mac,/home/bryam/Documents/iac-project/geant4/ActiveShield_Sim/scripts/pilots/results/intrarun_pilot_20260921T022121Z/checkpoints/run_GCR_He_min_6_M2500_seed0.out
GCR_He_min_6,GCR_He,min,6,17782.79410038923,2500,1,2033491902,2033491903,0,1735.76,/home/bryam/Documents/iac-project/geant4/ActiveShield_Sim/scripts/pilots/results/intrarun_pilot_20260921T022121Z/macros/GCR_He_min_6_M2500_seed1.mac,/home/bryam/Documents/iac-project/geant4/ActiveShield_Sim/scripts/pilots/results/intrarun_pilot_20260921T022121Z/checkpoints/run_GCR_He_min_6_M2500_seed1.out
GCR_He_min_6,GCR_He,min,6,17782.79410038923,2500,2,2033491904,2033491905,0,1775.27,/home/bryam/Documents/iac-project/geant4/ActiveShield_Sim/scripts/pilots/results/intrarun_pilot_20260921T022121Z/macros/GCR_He_min_6_M2500_seed2.mac,/home/bryam/Documents/iac-project/geant4/ActiveShield_Sim/scripts/pilots/results/intrarun_pilot_20260921T022121Z/checkpoints/run_GCR_He_min_6_M2500_seed2.out
GCR_He_min_6,GCR_He,min,6,17782.79410038923,5000,0,2033492900,2033492901,0,3224.62,/home/bryam/Documents/iac-project/geant4/ActiveShield_Sim/scripts/pilots/results/intrarun_pilot_20260921T022121Z/macros/GCR_He_min_6_M5000_seed0.mac,/home/bryam/Documents/iac-project/geant4/ActiveShield_Sim/scripts/pilots/results/intrarun_pilot_20260921T022121Z/checkpoints/run_GCR_He_min_6_M5000_seed0.out
GCR_He_min_6,GCR_He,min,6,17782.79410038923,5000,1,2033492902,2033492903,0,3317.04,/home/bryam/Documents/iac-project/geant4/ActiveShield_Sim/scripts/pilots/results/intrarun_pilot_20260921T022121Z/macros/GCR_He_min_6_M5000_seed1.mac,/home/bryam/Documents/iac-project/geant4/ActiveShield_Sim/scripts/pilots/results/intrarun_pilot_20260921T022121Z/checkpoints/run_GCR_He_min_6_M5000_seed1.out
GCR_He_min_6,GCR_He,min,6,17782.79410038923,5000,2,2033492904,2033492905,0,3887.12,/home/bryam/Documents/iac-project/geant4/ActiveShield_Sim/scripts/pilots/results/intrarun_pilot_20260921T022121Z/macros/GCR_He_min_6_M5000_seed2.mac,/home/bryam/Documents/iac-project/geant4/ActiveShield_Sim/scripts/pilots/results/intrarun_pilot_20260921T022121Z/checkpoints/run_GCR_He_min_6_M5000_seed2.out
GCR_He_min_6,GCR_He,min,6,17782.79410038923,10000,0,2033493900,2033493901,0,7682.03,/home/bryam/Documents/iac-project/geant4/ActiveShield_Sim/scripts/pilots/results/intrarun_pilot_20260921T022121Z/macros/GCR_He_min_6_M10000_seed0.mac,/home/bryam/Documents/iac-project/geant4/ActiveShield_Sim/scripts/pilots/results/intrarun_pilot_20260921T022121Z/checkpoints/run_GCR_He_min_6_M10000_seed0.out
GCR_He_min_6,GCR_He,min,6,17782.79410038923,10000,1,2033493902,2033493903,0,8219.9,/home/bryam/Documents/iac-project/geant4/ActiveShield_Sim/scripts/pilots/results/intrarun_pilot_20260921T022121Z/macros/GCR_He_min_6_M10000_seed1.mac,/home/bryam/Documents/iac-project/geant4/ActiveShield_Sim/scripts/pilots/results/intrarun_pilot_20260921T022121Z/checkpoints/run_GCR_He_min_6_M10000_seed1.out
GCR_He_min_6,GCR_He,min,6,17782.79410038923,10000,2,2033493904,2033493905,0,7762.72,/home/bryam/Documents/iac-project/geant4/ActiveShield_Sim/scripts/pilots/results/intrarun_pilot_20260921T022121Z/macros/GCR_He_min_6_M10000_seed2.mac,/home/bryam/Documents/iac-project/geant4/ActiveShield_Sim/scripts/pilots/results/intrarun_pilot_20260921T022121Z/checkpoints/run_GCR_He_min_6_M10000_seed2.out
SEP_p_max_0,SEP_p,max,0,0.019046714781460566,2500,0,2034491900,2034491901,0,19.33,/home/bryam/Documents/iac-project/geant4/ActiveShield_Sim/scripts/pilots/results/intrarun_pilot_20260921T022121Z/macros/SEP_p_max_0_M2500_seed0.mac,/home/bryam/Documents/iac-project/geant4/ActiveShield_Sim/scripts/pilots/results/intrarun_pilot_20260921T022121Z/checkpoints/run_SEP_p_max_0_M2500_seed0.out
SEP_p_max_0,SEP_p,max,0,0.019046714781460566,2500,1,2034491902,2034491903,0,20.52,/home/bryam/Documents/iac-project/geant4/ActiveShield_Sim/scripts/pilots/results/intrarun_pilot_20260921T022121Z/macros/SEP_p_max_0_M2500_seed1.mac,/home/bryam/Documents/iac-project/geant4/ActiveShield_Sim/scripts/pilots/results/intrarun_pilot_20260921T022121Z/checkpoints/run_SEP_p_max_0_M2500_seed1.out
SEP_p_max_0,SEP_p,max,0,0.019046714781460566,2500,2,2034491904,2034491905,0,25.25,/home/bryam/Documents/iac-project/geant4/ActiveShield_Sim/scripts/pilots/results/intrarun_pilot_20260921T022121Z/macros/SEP_p_max_0_M2500_seed2.mac,/home/bryam/Documents/iac-project/geant4/ActiveShield_Sim/scripts/pilots/results/intrarun_pilot_20260921T022121Z/checkpoints/run_SEP_p_max_0_M2500_seed2.out
SEP_p_max_0,SEP_p,max,0,0.019046714781460566,5000,0,2034492900,2034492901,0,21.39,/home/bryam/Documents/iac-project/geant4/ActiveShield_Sim/scripts/pilots/results/intrarun_pilot_20260921T022121Z/macros/SEP_p_max_0_M5000_seed0.mac,/home/bryam/Documents/iac-project/geant4/ActiveShield_Sim/scripts/pilots/results/intrarun_pilot_20260921T022121Z/checkpoints/run_SEP_p_max_0_M5000_seed0.out
SEP_p_max_0,SEP_p,max,0,0.019046714781460566,5000,1,2034492902,2034492903,0,19.79,/home/bryam/Documents/iac-project/geant4/ActiveShield_Sim/scripts/pilots/results/intrarun_pilot_20260921T022121Z/macros/SEP_p_max_0_M5000_seed1.mac,/home/bryam/Documents/iac-project/geant4/ActiveShield_Sim/scripts/pilots/results/intrarun_pilot_20260921T022121Z/checkpoints/run_SEP_p_max_0_M5000_seed1.out
SEP_p_max_0,SEP_p,max,0,0.019046714781460566,5000,2,2034492904,2034492905,0,20.48,/home/bryam/Documents/iac-project/geant4/ActiveShield_Sim/scripts/pilots/results/intrarun_pilot_20260921T022121Z/macros/SEP_p_max_0_M5000_seed2.mac,/home/bryam/Documents/iac-project/geant4/ActiveShield_Sim/scripts/pilots/results/intrarun_pilot_20260921T022121Z/checkpoints/run_SEP_p_max_0_M5000_seed2.out
SEP_p_max_0,SEP_p,max,0,0.019046714781460566,10000,0,2034493900,2034493901,0,20.43,/home/bryam/Documents/iac-project/geant4/ActiveShield_Sim/scripts/pilots/results/intrarun_pilot_20260921T022121Z/macros/SEP_p_max_0_M10000_seed0.mac,/home/bryam/Documents/iac-project/geant4/ActiveShield_Sim/scripts/pilots/results/intrarun_pilot_20260921T022121Z/checkpoints/run_SEP_p_max_0_M10000_seed0.out
SEP_p_max_0,SEP_p,max,0,0.019046714781460566,10000,1,2034493902,2034493903,0,20.65,/home/bryam/Documents/iac-project/geant4/ActiveShield_Sim/scripts/pilots/results/intrarun_pilot_20260921T022121Z/macros/SEP_p_max_0_M10000_seed1.mac,/home/bryam/Documents/iac-project/geant4/ActiveShield_Sim/scripts/pilots/results/intrarun_pilot_20260921T022121Z/checkpoints/run_SEP_p_max_0_M10000_seed1.out
SEP_p_max_0,SEP_p,max,0,0.019046714781460566,10000,2,2034493904,2034493905,0,24.62,/home/bryam/Documents/iac-project/geant4/ActiveShield_Sim/scripts/pilots/results/intrarun_pilot_20260921T022121Z/macros/SEP_p_max_0_M10000_seed2.mac,/home/bryam/Documents/iac-project/geant4/ActiveShield_Sim/scripts/pilots/results/intrarun_pilot_20260921T022121Z/checkpoints/run_SEP_p_max_0_M10000_seed2.out
GCR_H_min_2,GCR_H,min,2,177.82794100389228,2500,0,2027491900,2027491901,0,22.33,/home/bryam/Documents/iac-project/geant4/ActiveShield_Sim/scripts/pilots/results/intrarun_pilot_20260921T022121Z/macros/GCR_H_min_2_M2500_seed0.mac,/home/bryam/Documents/iac-project/geant4/ActiveShield_Sim/scripts/pilots/results/intrarun_pilot_20260921T022121Z/checkpoints/run_GCR_H_min_2_M2500_seed0.out
GCR_H_min_2,GCR_H,min,2,177.82794100389228,2500,1,2027491902,2027491903,0,23.73,/home/bryam/Documents/iac-project/geant4/ActiveShield_Sim/scripts/pilots/results/intrarun_pilot_20260921T022121Z/macros/GCR_H_min_2_M2500_seed1.mac,/home/bryam/Documents/iac-project/geant4/ActiveShield_Sim/scripts/pilots/results/intrarun_pilot_20260921T022121Z/checkpoints/run_GCR_H_min_2_M2500_seed1.out
GCR_H_min_2,GCR_H,min,2,177.82794100389228,2500,2,2027491904,2027491905,0,23.43,/home/bryam/Documents/iac-project/geant4/ActiveShield_Sim/scripts/pilots/results/intrarun_pilot_20260921T022121Z/macros/GCR_H_min_2_M2500_seed2.mac,/home/bryam/Documents/iac-project/geant4/ActiveShield_Sim/scripts/pilots/results/intrarun_pilot_20260921T022121Z/checkpoints/run_GCR_H_min_2_M2500_seed2.out
GCR_H_min_2,GCR_H,min,2,177.82794100389228,5000,0,2027492900,2027492901,0,25.26,/home/bryam/Documents/iac-project/geant4/ActiveShield_Sim/scripts/pilots/results/intrarun_pilot_20260921T022121Z/macros/GCR_H_min_2_M5000_seed0.mac,/home/bryam/Documents/iac-project/geant4/ActiveShield_Sim/scripts/pilots/results/intrarun_pilot_20260921T022121Z/checkpoints/run_GCR_H_min_2_M5000_seed0.out
GCR_H_min_2,GCR_H,min,2,177.82794100389228,5000,1,2027492902,2027492903,0,25.38,/home/bryam/Documents/iac-project/geant4/ActiveShield_Sim/scripts/pilots/results/intrarun_pilot_20260921T022121Z/macros/GCR_H_min_2_M5000_seed1.mac,/home/bryam/Documents/iac-project/geant4/ActiveShield_Sim/scripts/pilots/results/intrarun_pilot_20260921T022121Z/checkpoints/run_GCR_H_min_2_M5000_seed1.out
GCR_H_min_2,GCR_H,min,2,177.82794100389228,5000,2,2027492904,2027492905,0,43.98,/home/bryam/Documents/iac-project/geant4/ActiveShield_Sim/scripts/pilots/results/intrarun_pilot_20260921T022121Z/macros/GCR_H_min_2_M5000_seed2.mac,/home/bryam/Documents/iac-project/geant4/ActiveShield_Sim/scripts/pilots/results/intrarun_pilot_20260921T022121Z/checkpoints/run_GCR_H_min_2_M5000_seed2.out
GCR_H_min_2,GCR_H,min,2,177.82794100389228,10000,0,2027493900,2027493901,0,31.81,/home/bryam/Documents/iac-project/geant4/ActiveShield_Sim/scripts/pilots/results/intrarun_pilot_20260921T022121Z/macros/GCR_H_min_2_M10000_seed0.mac,/home/bryam/Documents/iac-project/geant4/ActiveShield_Sim/scripts/pilots/results/intrarun_pilot_20260921T022121Z/checkpoints/run_GCR_H_min_2_M10000_seed0.out
GCR_H_min_2,GCR_H,min,2,177.82794100389228,10000,1,2027493902,2027493903,0,31.65,/home/bryam/Documents/iac-project/geant4/ActiveShield_Sim/scripts/pilots/results/intrarun_pilot_20260921T022121Z/macros/GCR_H_min_2_M10000_seed1.mac,/home/bryam/Documents/iac-project/geant4/ActiveShield_Sim/scripts/pilots/results/intrarun_pilot_20260921T022121Z/checkpoints/run_GCR_H_min_2_M10000_seed1.out
GCR_H_min_2,GCR_H,min,2,177.82794100389228,10000,2,2027493904,2027493905,0,33.74,/home/bryam/Documents/iac-project/geant4/ActiveShield_Sim/scripts/pilots/results/intrarun_pilot_20260921T022121Z/macros/GCR_H_min_2_M10000_seed2.mac,/home/bryam/Documents/iac-project/geant4/ActiveShield_Sim/scripts/pilots/results/intrarun_pilot_20260921T022121Z/checkpoints/run_GCR_H_min_2_M10000_seed2.out
